:10000000A8420020C5200000C38B0000B1200000E2
:10001000B1200000B1200000B1200000B12000009C
:10002000000000000000000000000000312200007D
:10003000B120000000000000C9210000B120000034
:10004000D5230000D5230000D5230000D5230000D0
:10005000D5230000D5230000D5230000D5230000C0
:10006000D5230000D5230000D5230000D5230000B0
:10007000D5230000D5230000D5230000D5230000A0
:10008000D5230000D5230000D5230000D523000090
:10009000D5230000D5230000D5230000D523000080
:1000A000D5230000D5230000D5230000D523000070
:1000B000D5230000D5230000D5230000D523000060
:1000C000D5230000D5230000D5230000D523000050
:1000D000D5230000D5230000D5230000D523000040
:1000E000D5230000D5230000D5230000D523000030
:1000F000D5230000D5230000D5230000D523000020
:10010000D5230000D5230000D5230000D52300000F
:10011000D5230000D5230000D5230000D5230000FF
:10012000D5230000D5230000D5230000D5230000EF
:10013000D5230000D5230000D5230000D5230000DF
:10014000D5230000D5230000D5230000D5230000CF
:04015000D5230000B3
:1001540053B94AB9002908BF00281CBF4FF0FF312A
:100164004FF0FF3000F00CB8ADF1080C6DE904CE8F
:1001740000F012F8DDF804E0DDE9022304B0704772
:10018400704700BF10F8012B11F8013B012A28BF6A
:100194009A42F7D0D01A70472DE9F04786468C462C
:1001A4000846089E154674461946002B40F0C18047
:1001B4008542B2FA82F245D94AB1C2F1200300FA6B
:1001C40002FC954094402EFA03F343EA0C0C4FEAE8
:1001D400154EA8B2230CBCFBFEF80EFB18CC08FB92
:1001E40000F943EA0C43994528D9EB1808F1FF3785
:1001F40004D2994502D9A8F102072B44A3EB0903C1
:10020400A4B2B3FBFEFC0EFB1C330CFB00F044EA6F
:100214000344A04214D92C190CF1FF3304D2A04298
:1002240002D9ACF102032C44241A43EA07401EB15C
:10023400D440002334607360BDE8F0874746DDE7AF
:100244006346F1E792BB431B01214FEA154EAFB25F
:10025400200CB3FBFEFC0EFB1C330CFB07F840EA3E
:100264000343984561D9EB180CF1FF3004D298454B
:1002740002D9ACF102002B44A3EB0803A4B2B3FBF4
:10028400FEFC0EFB1C330CFB07F744EA0344A742B5
:100294004DD92C190CF1FF3304D2A74202D9ACF189
:1002A40002032C44E41B43EA0040C0E7C2F12003EC
:1002B4009540944020FA03F12EFA03F34FEA154EC9
:1002C4009040AFB20343B1FBFEFC0EFB1C10190CB3
:1002D4000CFB07F841EA0041884522D969180CF162
:1002E400FF3004D2884502D9ACF102002944A1EBC5
:1002F40008019BB2B1FBFEFC0EFB1C110CFB07F7C3
:1003040043EA01439F420ED9EB180CF1FF3104D2AA
:100314009F4202D9ACF102012B44DB1B41EA0041AC
:1003240093E76046E3E76146F7E76046A4E7634680
:10033400B8E7834206D916B9002108467CE7C6E926
:1003440000E0F9E7B3FA83F78FB9834201D372452A
:1003540008D8BEEB020460EB030301209C461EB9DF
:10036400002169E73846FAE7C6E9004CF8E7C7F127
:10037400200CBB400EFA07F522FA0CF42EFA0CF10D
:10038400BA401C4320FA0CF3B8404FEA1449014325
:100394001FFA84FEB3FBF9F809FB18300B0C08FBB9
:1003A4000EFA43EA00439A4540D9E31808F1FF30B6
:1003B40004D29A4502D9A8F102002344A3EB0A030C
:1003C40089B2B3FBF9F809FB183308FB0EFE41EAC6
:1003D40003418E452CD9611808F1FF3304D28E45B0
:1003E40002D9A8F10203214443EA0040A1EB0E0123
:1003F400A0FB02984145CE46434602D306D14D4563
:1004040004D20138B9EB020E68EB0403002EA7D026
:10041400B5EB0E0261EB030101FA0CFC22FA07F3BF
:10042400F9404CEA0303C6E9003199E74046C5E7C1
:100434004346D9E7F8B50A4E0A4D0B4F4FF0FF3348
:100444004FF0FF32304605F017FB2B7804461BB102
:10045400011D384608F01EFB204608F0E6FEEDE7D5
:1004640084010020C0000020EC9B000003460A46E3
:100474002DE9F0411979DB880068134303F0300259
:10048400302A0669D0E901470ED1324940F2E233FD
:10049400314A324808F014FB314808F011FB40F2AD
:1004A400E2312D4808F003FB2E4A2F4D1A40AA4290
:1004B4000CD12E4940F2E633274A284808F000FBC5
:1004C4002B4808F0FDFA40F2E631EAE703F00602B1
:1004D400042A09D1274940F2E9331F4A1F4808F08A
:1004E400EFFA40F2E931DCE713F4402F13D09A031A
:1004F4000CD421494FF47B73174A184808F0E0FAEA
:100504001E4808F0DDFA4FF47B71CAE71C4A9A438F
:1005140008BF83F44023012524688D40254223F439
:1005240080120CD117494FF47F730B4A0B4808F023
:10053400C7FA154808F0C4FA4FF47F71B1E734687C
:10054400DB074CBF2C43AC4334603B68BDE8F0414F
:10055400184700BF209C0000EF9B0000599C00003E
:10056400769C00000200030002000100B39C00001E
:10057400FA9C0000499D00007C9D0000C29D000083
:1005840001001000FD9D00003B9E00000FB413B558
:10059400542007F019FA044678B9104808F07AFA9A
:1005A4000F4984230F4A104808F08AFA0F4808F0CC
:1005B40087FA84210B4808F07AFA05AB049A502193
:1005C4000430019308F050F82146094808F0B0FDC2
:1005D40002B0BDE8104004B0704700BF4D9E00005B
:1005E400C09D0000629E0000599C00007E9E000099
:1005F40084010020034670B5006819798368456852
:100604009C69026904B301232D688B402B420ED1EF
:100614000F4940F293330F4A0F4808F051FA0F483C
:1006240008F04EFA40F293310A4808F040FA126892
:10063400A446BDE87040134214BF4FF000734FF05E
:1006440080634FF0A07260476FF0570070BD00BF29
:10065400FD9D0000EF9B0000599C00003B9E0000A4
:10066400044BD3E8EF1F0131C3E8E21F002AF8D19D
:10067400704700BF78080020014603488368DB699F
:100684000BB101221847704754950000034610B57A
:100694000A4619790123006803FA01F143680469E1
:1006A4001B6819420ED10E4940F28D630D4A0E4863
:1006B40008F006FA0D4808F003FA40F28D61094883
:1006C40008F0F5F92368194218BF82F0010222B13B
:1006D4008368DB68BDE81040184783681B69F9E745
:1006E400FD9D0000EF9B0000599C00003B9E000014
:1006F40008B500210648FFF7C9FF01210548FFF7A7
:10070400C5FFBDE8084000210348FFF7BFBF00BF95
:10071400109A0000089A0000009A000008B5012110
:100724000648FFF7B3FF01210548FFF7AFFFBDE817
:10073400084000210348FFF7A9BF00BF109A00003A
:10074400089A0000009A000008B5FFF789FF084BDB
:10075400D3E8AF1F074808F09DF90023064A137039
:10076400064A1370064A1370BDE80840FFF7D6BF67
:1007740078080020999E0000EF1D0020EE1D002047
:10078400ED1D002008B501210648FFF77FFF002179
:100794000548FFF77BFFBDE8084000210348FFF749
:1007A40075BF00BF109A0000089A0000009A00006C
:1007B40008B500210648FFF769FF00210548FFF747
:1007C40065FFBDE8084000210348FFF75FBF00BF95
:1007D400109A0000089A0000009A00002DE9F046E3
:1007E40000248DB0364F2022214604A88DF80F40F6
:1007F40008F039FDBB68334EDFF8CC900193019BC0
:100804001B682BB138460DF10F019847054628B1F6
:1008140025460A2007F053FF2C46F0E79DF80F30D9
:100824000D2B01D00A2B32D1002CF2D04FF0000A4C
:1008340004F130030DEB0304304604A904F820ACA2
:10084400FFF7A4FE242007F0BFF8044670B91F493F
:100854004FF4A9731E4A1F4808F032F91E4808F0E5
:100864002FF94FF4A9711A4808F021F91F2204A99D
:10087400043008F000FD2146484684F823A008F01F
:1008840057FC2022514604A808F0EDFCC1E71E2CB9
:1008940006DC04F130026A4402F8203C651CB8E727
:1008A4000E48FFF773FE0E4940F26913084A0948DF
:1008B40008F006F90B4808F003F940F26911D2E791
:1008C40074950000CC9E000098010020DA9E000080
:1008D400629E0000599C0000ED9E0000079F0000EE
:1008E400C09D00001E9F000008B5FFF7B9FE0C4B29
:1008F400D3E8AF1F0B4808F0CDF80B4A137883F008
:100904000103137033B1094808F0C4F8BDE8084086
:10091400FFF74EBF0648BDE8084008F0BBB800BF6B
:10092400780800204F9F0000EC1D00207D9F0000F0
:10093400949F000008B5FFF793FE0D4BD3E8AF1F5B
:100944000C4808F0A7F80C4B0C491A7882F0010205
:100954001A7000220A700A490A701B781BB1BDE89C
:100964000840FFF70FBFBDE80840FFF721BF00BFF5
:1009740078080020AC9F0000EF1D0020EE1D002031
:10098400ED1D002008B5FFF76BFE0D4BD3E8AF1F3C
:100994000C4808F07FF80C4B0C491A7882F00102DD
:1009A4001A7000220A700A490A701B781BB1BDE84C
:1009B4000840FFF7B3BEBDE80840FFF7F9BE00BF2B
:1009C40078080020D39F0000EE1D0020EF1D0020BA
:1009D400ED1D002008B5FFF743FE0D4BD3E8AF1F14
:1009E4000C4808F057F80C4B0C491A7882F00102B5
:1009F4001A7000220A700A490A701B781BB1BDE8FC
:100A04000840FFF775BEBDE80840FFF7D1BE00BF40
:100A140078080020FD9F0000ED1D0020EF1D002040
:100A2400EE1D00207FB5354E4FF0FF324FF0FF33FF
:100A3400324804F0A3FD00220023314805F01CF8DD
:100A44000446002837D0304604F068FE01F008FD63
:100A5400CDE90001A1682B48FFF798FDFFF748FE98
:100A6400A06807F02CFEFFF7A3FE2748FFF78EFDD2
:100A740001F0F6FCCDE90201684602A908F0EBF8A2
:100A840008F0F1F8214AD2E900351B1845EB0105BD
:100A9400C2E900354FF47A720023FFF759FB02468E
:100AA4000B461B48FFF772FD1A4805F071F8204603
:100AB40008F0BBFBB8E74FF0FF324FF0FF3331468D
:100AC400154805F013FA002200230D4804F0D4FF62
:100AD4000446304604F022FE002CB7D10F4940F200
:100AE40065230F4A0F4807F0EBFF0F4807F0E8FFB4
:100AF40040F265210A4807F0DAFF00BFFC0000203D
:100B0400AC0100206EA0000080A0000020060020A0
:100B14008BA0000074010020E801002026A0000042
:100B2400629E0000599C000039A000007FB5354E3C
:100B34004FF0FF324FF0FF33324804F01FFD002224
:100B44000023314804F098FF0446002837D030468B
:100B540004F0E4FD01F084FCCDE90001A1682B4818
:100B6400FFF714FDFFF7DAFDA06807F0A8FDFFF713
:100B74001FFE2748FFF70AFD01F072FCCDE90201D0
:100B8400684602A908F067F808F06DF8214AD2E92E
:100B940000351B1845EB0105C2E900354FF47A72A4
:100BA4000023FFF7D5FA02460B461B48FFF7EEFC7D
:100BB4001A4804F0EDFF204608F037FBB8E74FF081
:100BC400FF324FF0FF333146154805F08FF900220C
:100BD40000230D4804F050FF0446304604F09EFD07
:100BE400002CB7D10F4940F239230F4A0F4807F0C0
:100BF40067FF0F4807F064FF40F239210A4807F005
:100C040056FF00BF60010020D4010020DFA00000D7
:100C1400F2A0000020060020FEA0000074010020C5
:100C2400F801002026A00000629E0000599C0000EC
:100C3400A9A000007FB5354E4FF0FF324FF0FF33CF
:100C4400324804F09BFC00220023314804F014FFD6
:100C54000446002837D0304604F060FD01F000FC63
:100C6400CDE90001A1682B48FFF790FCFFF78AFD4E
:100C7400A06807F024FDFFF79BFD2748FFF786FCDB
:100C840001F0EEFBCDE90201684602A907F0E3FF9B
:100C940007F0E9FF214AD2E900351B1845EB0105AD
:100CA400C2E900354FF47A720023FFF751FA024685
:100CB4000B461B48FFF76AFC1A4804F069FF2046FC
:100CC40008F0B3FAB8E74FF0FF324FF0FF33314684
:100CD400154805F00BF9002200230D4804F0CCFE62
:100CE4000446304604F01AFD002CB7D10F4940F2F7
:100CF4000F230F4A0F4807F0E3FE0F4807F0E0FE0A
:100D040040F20F210A4807F0D2FE00BF2401002060
:100D1400C001002050A1000060A1000020060020B6
:100D240069A1000074010020F001002026A0000049
:100D3400629E0000599C00001DA100002DE9F04FA7
:100D4400AB4FDFF8B082DFF8B09287B04FF0FF32DC
:100D54004FF0FF33384604F08FFE04460028F5D0E8
:100D640001F07EFB04F1040ACDE90201514640463C
:100D7400FFF70CFC49465046FFF704FA90B99F4B25
:100D84009F481A7882F001021A7019789D4A9E4B86
:100D940000290CBF1146194607F07CFE204608F0D6
:100DA40044FAD3E750469949FFF7ECF9984E0546C3
:100DB400002856D19748FFF7E9FBDFF85CA2DFF87B
:100DC4005CB23368AB4211DC954D4FF47A72D5E9CD
:100DD40000010023FFF7BCF902460B469148FFF7D8
:100DE400D5FB00220023C5E90023D7E70C2006F039
:100DF400EBFD014670B98C494FF4D4738B4A8C488F
:100E040007F05EFE8B4807F05BFE4FF4D471874811
:100E140007F04DFE9AF804300371DAF80820522BDB
:100E2400826008D0592B17D0472B0AD1824808F08A
:100E34007FF9824803E0824808F07AF9814807F094
:100E44003CFC4FF0FF324FF0FF33584604F01EFFD6
:100E540001350AF10C0AB4E77B4808F069F97B48CC
:100E6400EDE700238DF803304FF47A73019323796F
:100E7400542B02D16379002B4CD05046744901ABFA
:100E84000DF1030206F0C6FF02280AD19DF80330D3
:100E9400473BDBB2122B04D86E4A42FA03F3D9075C
:100EA40011D52179A1F14703DBB2122B32D8694A5B
:100EB40042FA03F3DA072DD463795BBB4FF47A73F8
:100EC4008DF803100193019A9DF803106248FFF70F
:100ED4005DFB3368FF2B2FDC0C214F4A01FB0322FF
:100EE4009DF80310013311710199336091600C2056
:100EF40006F06AFD0146002832D14B4940F2D9136D
:100F04004A4A4B4807F0DCFD544807F0D9FD40F24B
:100F1400D9117CE751465248FFF738FB40F2C91318
:100F2400424A5049424807F0CBFD51464E4807F02B
:100F3400C7FD40F2C9116AE74C48FFF727FB336845
:100F4400B3F5807FD3DD4A4940F2D713374A384896
:100F540007F0B6FD474807F0B3FD40F2D71156E756
:100F64009DF80330019A522B0371826008D0592BEB
:100F740035D0472B38D1304808F0DAF82F4803E051
:100F84002F4808F0D5F82F4807F097FB01F068FACE
:100F9400CDE9040104A902A807F05DFE07F063FE91
:100FA4004FF47A720023FFF7D3F802460B46324817
:100FB400FFF7ECFA9DF80330473BDBB2122B3FF608
:100FC400EDAE244A42FA03F3DB073FF5E7AE4FF0F8
:100FD400FF324FF0FF33114804F058FEDEE61A48A2
:100FE40008F0A6F81948CFE708F01FF9CEE700BFCC
:100FF4009801002096A100008BA10000C0000020F1
:10100400AFA100008DA1000085A1000038AE000052
:101014007C080020C0A1000080080020740100208A
:101024002006002006A2000026A00000629E000008
:10103400599C0000DDA10000AC010020E801002063
:10104400C0010020F0010020D4010020F80100209C
:1010540024A20000FEF7FBFF67A20000D4A2000058
:101064002AA20000C09D00003FA200008CA2000044
:10107400A2A20000B9A2000003A3000008B507481B
:1010840007F0E1FF28B9064807F004FD4FF0FF30F0
:1010940008BD044807F0FEFC0020F9E77495000041
:1010A40024A300003EA3000010B5444807F01AFB37
:1010B40030B9434807F0EEFC4FF0FF34204610BD32
:1010C4004FF480313F48FFF7D1F908B13E48F1E7CA
:1010D4003C48FFF78FFA0028EED13C483C4B436074
:1010E40004238360FFF7C8FA344807F0FBFA08B911
:1010F4003848DFE74FF480313748FFF7B7F9002865
:10110400DAD13548FFF776FA0028D5D13348344B85
:10111400436008238360FFF7AFFA284807F0E2FA38
:1011240008B93048C6E74FF480312F48FFF79EF9DD
:101134000028C1D12C48FFF75DFA0028BCD12B4808
:101144002B4B436010238360FFF796FA1B4807F08C
:10115400C9FA08B92748ADE74FF480312648FFF7AC
:1011640085F90028A8D12448FFF744FA0028A3D120
:101174002248234B436040238360FFF77DFA0F48E6
:1011840007F0B0FA08B91F4894E74FF480311E48BD
:10119400FFF76CF900288FD11B48FFF72BFA0446A0
:1011A400002889D119481A4B436020238360FFF734
:1011B40063FA184807F06EFC80E700BF54950000FE
:1011C40050A30000F89900006EA30000B0140020A2
:1011D400ED08000090A30000F0990000A414002082
:1011E40039090000AEA30000E8990000981400201B
:1011F40089090000CCA30000E09900008C140020B1
:10120400D9090000EAA30000D89900008014002046
:101214004D07000008A4000008B501F011FD01F01D
:101224001BFD2C4807F05EFA20B92B4807F032FC6E
:10123400002008BD274807F055FA0028F5D02548B6
:1012440007F050FA0028F0D04FF4B0112348FFF70C
:101254000DF908B12248E9E74FF4B0112148FFF72E
:1012640005F908B12048E1E74FF4B0111F48FFF732
:10127400FDF808B11E48D9E7FFF79AFAFFF7FEFE1A
:1012840008B11C48D2E7FFF70FFF002801DA1A481B
:10129400CCE71A4807F0FEFB194807F0FBFB194896
:1012A40007F0F8FB184807F0F5FB184807F0F2FBC5
:1012B400174807F0EFFB174807F0ECFB164807F058
:1012C400E9FB164807F0E6FB154807F0E3FB0C487A
:1012D400ACE700BF5495000021A40000109A000060
:1012E40038A40000089A000056A40000009A0000E8
:1012F40076A4000095A40000B1A40000F7B3000098
:10130400CFA40000EFA400000BA500002CA5000052
:1013140049A5000051A5000058A5000060A50000E3
:1013240063A50000F8B50F4600293BD006680122EA
:10133400304607F011FA01460446304607F0D4F966
:10134400C3070DD4AF23184A1849194807F0B8FB4E
:101354003946184807F0B4FBAF21134807F0A7FB40
:101364002146304607F0D6F9251829460022304692
:1013740007F0BAF92D1AAC420BD0B7230A4A0E492A
:101384000B4807F09DFB39460C4807F099FBB72141
:10139400E3E72146304607F0C3F92146BDE8F840AB
:1013A40007F0FFBAF8BD00BFCDA50000F0A500000E
:1013B400599C000001A6000039A600005FA60000A9
:1013C400B2F5802F2DE9F04110D2042A28D84349E0
:1013D4004FF40773424A434807F072FB424807F050
:1013E4006FFB4FF407713E4807F061FB0823D21AE4
:1013F400CC1D114424F0070421F00701091B17290F
:101404004FEAD1060ED8394940F22523344A3548EB
:1014140007F056FB344807F053FB40F22521E2E77E
:101424000423E4E70027046031463046A660E76001
:1014340007F0A5F90121421D8046304607F096F9D0
:101444009200D51DED082844B0423AD8B8F1FF3FC8
:101454003946A2F1100204F11000B8BF3A4607F071
:1014640002FF2A463946204607F072F93B463A46BF
:101474003946204607F043F9A6EB050820463946CD
:10148400012207F04DF94246294607F061F92B463F
:101494003A462946204607F032F93146204607F0FD
:1014A40057F943463A463146204607F028F9314673
:1014B4002046012207F034F92946BDE8F04107F03F
:1014C4002EBA0B4940F23A23054A064807F0F8FAC7
:1014D400054807F0F5FA40F23A2184E79BA600009C
:1014E400CDA50000599C0000BCA60000D5A60000B4
:1014F400FEA60000014B1B68184700BF0000002037
:10150400014B1860704700BF0000002030B585B063
:1015140004460D4610220021684607F0A4FE02236B
:101524008DF80230044B2A4621466846019306F0A2
:1015340091FC05B030BD00BFF914000080B505462C
:101544000E461746984605F0A1FC034607F09EFF99
:101554000446DFF81890424649F8003039463046D0
:10156400A84754F8090000F017FE00BF0800000067
:101574002DE9F84F0446A38B08461907154612D4E3
:10158400022803F0070165D1204607F0A6FA88B1C6
:101594000138042800F23781DFE810F05C003501DF
:1015A4008200D400040101280CBF43F0100143F071
:1015B4002001A1831434204605F07CFE002840F06D
:1015C4009D819A4940F23113994A9A4807F078FA72
:1015D4002146B1E003F00702501F01281ED8002065
:1015E400062A2768C4E9000014D13A4603E0E08BD8
:1015F4000130E0831268002AF9D123F0070343F095
:1016040002022046A28307F068FA90B342F0200257
:10161400A2832EE023F007039AB2F2E7042A33D11F
:1016240023F007039AB22046A28307F056FA10B1BA
:1016340042F02002A283A38B03F00709894540F0FE
:10164400EC80A18BCA0640F1508121F01003A383E2
:1016540001F00701D4F81880A38BB8F1000FB9DAB0
:101664000022276823F00703C4E9002243F00103A2
:10167400A383A38B03F00709894540F0CF80002F93
:10168400DFD00026B24644E06B4940F21B136B4A9C
:10169400684807F015FA40F21B11684807F007FA8A
:1016A40049B167494FF4AB73644A624807F008FADA
:1016B4004FF4AB71F1E723684BB9624940F2571319
:1016C4005E4A5C4807F0FCF940F25711E5E72369EC
:1016D4001E684EB95C494FF4AD73584A554807F03B
:1016E400EFF94FF4AD71D8E70F4688464FF006097D
:1016F400A38B23F0070343F006039BB2A383A268E2
:10170400002A40F08D80002F40F08D80002E98D06C
:10171400BA4643F0080304F1140B5846A38305F0BA
:10172400C9FD002840F09A80404940F23113404AF4
:10173400404807F0C5F95946444807F0C1F940F25A
:101744003111ADE0022909D0414940F25D133B4A11
:10175400384807F0B5F940F25D119EE7E78B4FB1C9
:101764003C494FF4AF73354A324807F0A9F94FF4B6
:10177400AF7192E723695E684EB9334940F2611351
:101784002E4A2C4807F09CF940F2611185E7A38B9F
:10179400B84623F0070343F004039BB24FF0040957
:1017A400A383ACE7012909D02B494FF4B273234A30
:1017B400204807F085F94FF4B2716EE723684BB9FE
:1017C400204940F265131D4A1A4807F079F940F29E
:1017D400651162E723699E684EB91B494FF4B473DF
:1017E400164A144807F06CF94FF4B47155E7002712
:1017F400A38BB84623F0070343F005039BB24FF0D5
:101804000509A3837BE70C4940F26B130B4A094893
:1018140007F056F940F26B113FE7002700266EE708
:101824004FF0010A75E7924673E700BFFCA700007A
:10183400CFA70000599C0000C09D000029A700000C
:101844004EA700005AA700007DA7000013A80000BF
:1018540094A70000AAA70000B9A7000085F3118887
:10186400BFF36F8FBAF1000F1CD177BB16B12046BE
:101874002549B047EFF31185202383F31288BFF382
:101884006F8F584605F008FD38BB88231F4A20494E
:10189400204807F015F959461F4807F011F9882127
:1018A4001A48FBE6A1680029DFD00D680029DCD0C6
:1018B40043464A462046D1F804A0D0471DB12B68C0
:1018C40029461D46F2E72B46FAE7394643464A467F
:1018D40020463F6807F02DF9C7E7584605F000FD9C
:1018E400A38B23F00803A383ABE68B067FF562AEDC
:1018F40021F02003A38301F0070145E685F3118855
:10190400BFF36F8FBDE8F88F21190000CFA7000047
:1019140028A80000599C00003DA80000F8B5044622
:101924000D4600F11406EFF31187202383F3128888
:10193400BFF36F8F304605F0AFFC68B988230C4ABB
:101944000C490D4807F0BCF831460C4807F0B8F8CC
:101954008821074807F0ABF8304605F0C1FCA561C3
:101964003A462046BDE8F8400121FFF701BE00BF1A
:10197400CFA7000028A80000599C00003DA8000043
:101984002DE9F04704460F4607F0C3F8051E68DB4F
:1019940004F11409EFF3118A202383F31288BFF3AF
:1019A4006F8F484605F078FC804660B98823384A32
:1019B4003849394807F084F84946384807F080F830
:1019C4008821334842E0484605F08AFC4FF6FF720E
:1019D400E38BA68B934206F0070645D0022E15D161
:1019E40035460133E383484605F064FC002841D1C1
:1019F40040F23113264A2A49274807F061F849463C
:101A0400284807F05DF840F23111DAE7062E13D8C2
:101A1400DFE806F0092D1212090409006FF08505AC
:101A24004FF00008DFE700233B60636883B9C4E933
:101A3400007786B13546F3E71B4917484FF4E47342
:101A44001A4A07F03DF84FF4E471184807F02FF8EC
:101A54001F606760EDE7524602212046FFF788FDCC
:101A640035462846BDE8F0876FF00A05D8E76FF0E1
:101A74000405D5E78AF31188BFF36F8FB8F1000F1F
:101A8400EFD0002332463946204607F052F8E8E703
:101A9400CFA7000028A80000599C00003DA8000022
:101AA400FCA7000013A80000B9A7000029A70000A4
:101AB40008B54268034602F00302032A816002D09B
:101AC4002AB1002000E0006800225A6008BD0549E0
:101AD40005484523054A06F0F3FF4521034806F06F
:101AE400E6FF00BFC09D0000599C000053A8000001
:101AF400014B036000207047189A000008B50448A1
:101B040006F0C8FFBDE80840024806F0C3BF00BFA6
:101B140079A80000AEA80000014806F039B800BF5B
:101B2400189A000038B5044618B90F4B0F485B6883
:101B340098476168B1F5683F10D0B1F5680F0DD0D2
:101B44000B4DA9420AD011F46861206807D0014600
:101B5400084803F033FC00232360656038BD142279
:101B640007F081FBF9E700BF60000020DCA800005B
:101B74002C5F5CA9BC19002008B560B34368B3F5B9
:101B8400683F0ED0B3F5680F18D0144A934220D0A2
:101B940000684FF0FF324FF0FF3303F0EFFC58B111
:101BA40015E001220368D3E8EF1F002903D1C3E83D
:101BB400E02F0028F7D10AD1002008BD0368084AA5
:101BC4001B7803F5807352F82330002BF4D00548BA
:101BD400F3E70548F1E76FF4E040EEE72C5F5CA91A
:101BE40000000350E98FFFFFEA8FFFFF08B520B321
:101BF4004368B3F5683F09D0B3F5680F13D0114AB1
:101C040093421DD0006803F089FD14E000220368AC
:101C1400D3E8EF1F012903D1C3E8E02F0028F7D14F
:101C240009D0094808BD00210368084A1B7803F558
:101C3400807342F823100020F4E76FF4E040F1E7EA
:101C44000348EFE72C5F5CA9E98FFFFF0000035016
:101C5400EA8FFFFF10B5044618B91D4B1D485B6899
:101C640098476368B3F5683F2FD0B3F5680F2CD05D
:101C7400194A934219D1236803BB4FF0FF324FF046
:101C8400FF332146154803F00DFB08B923681BB93F
:101C94000F4B13485B68984714220021206807F013
:101CA400E2FA4FF46863636008E0B3F5683F0DD867
:101CB4003A2B03D040F6BA629342DED1206807F093
:101CC40024FA636843F03A03636010BD054AF3E7FE
:101CD40060000020DCA800002C5F5CA9BC19002077
:101CE40002A900003A00003A08B50649402314222C
:101CF400054807F0F3F9BDE808400449044805F035
:101D0400B9BF00BFBC140020BC190020209A0000F9
:101D1400349A000030BFFFF7FDBF00BF2DE9F0414A
:101D240005460B4EDFF82C80324606EB0807CC1B29
:101D34002046094907F08AFAA01942460021083CC6
:101D440007F091FAC5F8A44007F10800BDE8F08156
:101D54000000000004000000CC990000054B5A6903
:101D64009B689A421FBF044A536843F080535360F0
:101D7400704700BFCC1B002000ED00E0154B9A6AB1
:101D840012F0007F9A6A14BF1E201D2012F0807F7B
:101D94009A6A18BF1F2012F4801F9A6A18BF022083
:101DA40012F4002F9A6A18BF212012F4802F9A6A25
:101DB40018BF222012F4003F9A6A18BF232012F49D
:101DC400803F9A6A18BF24206FEA02426FEA1242E7
:101DD4009A62704700ED00E010B5194B0246986A0C
:101DE4009C6A10F4805F14BF1720162014F4006F4F
:101DF4009C6A18BF1820A40509D5986B986A00043A
:101E040004D51AB19A6A22F400429A6219200C4B42
:101E14009A6A12F4806F9A6A18BF1A20D2050CD4F9
:101E24009B6A13F4005F18BF1C20054A936A43F4AD
:101E34007F43936200230B7010BD1B20F5E700BFA6
:101E440000ED00E010B5264B0246986A9C6A10F03B
:101E5400100F14BF1120102014F0080F9C6A18BF33
:101E64001220A40709D5586B986A000604D51AB144
:101E74009A6A22F080029A621320194B9A6A12F02D
:101E8400010F9A6A18BF142012F0200F9A6A18BF23
:101E94001520D20602D49B6A9B0712D5104B9B6A6D
:101EA400DC060ED50F494FF495730F4A0F4806F020
:101EB40007FE0F4806F004FE4FF495710A4806F039
:101EC400F6FD074B9A6A920642BF5A6A22F4005200
:101ED4005A629A6A42F0FF029A6200230B7010BDA4
:101EE40000ED00E061A900002FA90000599C00004A
:101EF400ABA90000F0B55D4B04465B6800258BB0D0
:101F0400C3F3080385F31188BFF36F8F02F07F409A
:101F1400B0F17F4F08D102F00C00082804D012075A
:101F24004CBF0C46012574B9514940F21143514A42
:101F3400514806F0C5FD514806F0C2FD40F211417A
:101F44004C4806F0B4FD0022033B8DF80720032B18
:101F540000F28480DFE803F0027A7E5D434AD36AAC
:101F640013F002037AD1D16A00291ADBD36A5B0029
:101F74005FD55369A16943F480735361BFF34F8FF5
:101F8400BFF36F8F536931F8021C23F480735361DC
:101F9400BFF34F8FBFF36F8F4DF60273994220D179
:101FA40023689DF80720D2B9224602AE04F1200727
:101FB400344610685168083203C4BA422646F7D141
:101FC400099A002D4CD0C2F3080121B96FEA5222BC
:101FD4006FEA42220992184602A906F0E6FD0BB008
:101FE400F0BD936ADBB233B101200DF10701FFF7B5
:101FF40029FF0346D5E7936A13F47F4F05D00120E8
:102004000DF10701FFF7E8FEF3E7936AB3F5803FAC
:1020140002D3FFF7B3FEECE7194940F2EA23154A6D
:10202400154806F04DFD174806F04AFD40F2EA2136
:1020340086E7134940F2ED230E4A0F4806F040FDAF
:10204400114806F03DFD40F2ED2179E700200DF145
:102054000701CCE700200DF10701D3E70023A0E737
:1020640022F4FF7222F00102B4E700BF00ED00E0A9
:102074000FAA00002FA90000599C000022AA00000A
:10208400C09D000060AA000084AA0000064B5A69A3
:1020940042F010025A615A6942F480625A615A69E4
:1020A40022F008025A61704700ED00E0EFF3088067
:1020B400EFF3098101B57246FFF71CFF01BD00BFB4
:1020C400002080F31488BFF36F8F002080F30A8808
:1020D40080F30B88104880F3088800200F490870AB
:1020E40001F030FF00200E490860BFF34F8F00F06D
:1020F4002DF8202080F311880A484FF4006140181D
:1021040080F30988EFF314800221084380F31488D4
:10211400BFF36F8F00F0F8F8A8420020F61D0020EE
:1021240094ED00E068350020002318460649D1F8F4
:102134009020C2F30722934200DB7047C1F8983025
:10214400C1F8A0000133F6E700ED00E010B572B667
:10215400002484F31388FFF7E7FF23464FF0FF3092
:102164000C4A03F120010133102B42F82100F8D16D
:1021740000234FF0FF30074A03F160010133102BB5
:1021840042F82100F8D162B6BFF34F8FBFF36F8FCF
:1021940010BD00BF00E100E0084B9B6883420BD1F7
:1021A400EFF3058343B1064B5A6842F080525A60FC
:1021B4005A6A22F400425A6204F06EBECC1B00201C
:1021C40000ED00E016498A684FF030001044EFF348
:1021D400098C80E8F01F202080F31288BFF36F8FF2
:1021E400104F4FF000664A698A603E60D2F8A4003E
:1021F4000D4C2060D2F8A8000023C2F8A83080F368
:10220400118802F1300090E8F01F8CF3098802F184
:10221400000004B506F0DEFCBDE804407047000091
:10222400CC1B002004ED00E0DC1900201EF0040F9C
:102234000CBFEFF30880EFF30980816911F8021CE9
:102244000229FFD001B5724606F0B5FC01BD00BFFE
:1022540040B2002807DB01234109034A00F01F00B4
:10226400834042F82130704700E100E0054B420909
:1022740053F82220012300F01F0003FA00F010405D
:10228400704700BF00E100E038B54B1C072B044643
:102294000D460FD96B23104A1049114806F010FC63
:1022A400294610480723224606F00AFC6B210A48F7
:1022B40006F0FDFB40B20028ACBF00F160400A4AC2
:1022C4004FEA4313DBB2ABBF00F5614000F00F00EF
:1022D40080F80033135438BDB4AA0000EBAA000000
:1022E400599C000006AB000014ED00E0044B054AC5
:1022F40023F07F039360BFF34F8FBFF36F8F70475B
:102304000000000000ED00E008B5FFF7EFFF074A0A
:10231400D2F8883023F47003C2F8883002F0ECFE5F
:1023240005F03AF800F048F802F02AFF00ED00E06A
:1023340042F8203C009B0B4942F81C3C019B21F0D5
:10234400010142F8183C029B42F8081C42F8143C74
:102354004FF0807342F8043C0023203A0265C0F831
:10236400A83070474115000000B50C4B1546986025
:10237400D0F8A4200A4B0E461A60D0F8943083F3A8
:102384000B882C4686F309880020064B9847204684
:10239400002100220023044C204700BFCC1B002056
:1023A400DC190020E38B0000411500001022014BD2
:1023B4001A61704700ED00E0002320210348C21891
:1023C4000133452B82F80013F9D1704700E100E096
:1023D40008B5EFF30583064A103B02EBC30152F83C
:1023E400330049688847BDE80840FFF7B7BC00BF21
:1023F400B495000008B50F4AD2F8FC3043F080735E
:10240400C2F8FC3000220C4B5A601A6842F00102F8
:102414001A601B689B010CD508497023084A0948B7
:1024240006F04EFB084806F04BFB7021044806F00A
:102434003EFB08BD00ED00E0001000E079AB0000B9
:1024440046AB0000599C0000B6AB00000022034BD1
:102454005A601A6842F001021A607047001000E0E6
:10246400014B002158687047001000E008B501F0E6
:1024740059FD044900230868034A0021FDF768FE5A
:1024840008BD00BF3400002040420F001FB5094CB6
:10249400094A23460121094800F0FAF8002303936E
:1024A400074B0121E41A01A80193029400F014F9E6
:1024B40004B010BD0000072000000020449A000072
:1024C4000002002010B50C7A0B6804F01F0223F000
:1024D4001F031A43CB68640923F01F03054943EA29
:1024E400440343F00103C1F89800C1F89C20C1F8EB
:1024F400A03010BD00ED00E010B5074BD3F89030CC
:10250400C3F30723013B984202D8FFF7DBFF10BD5A
:102514006FF01500FBE700BF00ED00E02DE9F04F80
:102524000F46144606464FF000084D4D85B0B84599
:1025340080F29280D6F80490B9F1000F36D0B9F148
:102544001F0F40F2878019F01F0F40F08380D6F8E8
:1025540000A01AF01F0F7DD1504606F094FB83466D
:1025640009EB0A00013806F08EFB834572D11BF19A
:10257400160F6FD05C456DDDC5F898B0D5F89C108A
:10258400C5F898B0D5F8A03021F01F0143F01F0A18
:10259400D6E900321A44994202F1FF391ED1CA45E4
:1025A40008D131465FFA8BF006F076FB08F101089A
:1025B4000C36BCE73146C5F898B0D5F89C3022F00B
:1025C4001F0203F01F031343C5F89C30E0B206F06A
:1025D40063FB10F1160F3DD0441CE7E7C5F898B033
:1025E400D5F8A020013B23F01F0302F01F02134380
:1025F400CA453146E0B2C5F8A030E8D006F04CFB3D
:1026040010F1160F26D0C5F898B0D5F89C209DF887
:1026140008300AF1FF3A62F304038DF80830D5F864
:10262400A0309DF808205B0863F347128DF808205A
:10263400D6E900321344009323F01F035344A3EB61
:102644000903013023F01F036946C0B20393FFF767
:1026540053FFBEE76FF01504204605B0BDE8F08FC8
:1026640000ED00E00522044BC3F89420BFF34F8F24
:10267400BFF36F8F704700BF00ED00E0BFF35F8FC3
:102684000022024BC3F89420704700BF00ED00E025
:1026940038B50C4D0C462A78FFF740FF28701630E9
:1026A4000FD14FF4BB73084A0849094806F008FAE9
:1026B4002146084806F004FA4FF4BB71024806F0BC
:1026C400F6F938BDF01D0020FCAB0000C09D0000F1
:1026D400599C00002BAC00002DE9F74F314E894680
:1026E40005464FF00008B3462F4FC84502DB03B040
:1026F400BDE8F08FD5F804A0BAF1000F4CD02968DA
:102704000846019106F0BFFA019904460AEB01005C
:10271400013806F0B8FA84424FF01402234B15D066
:1027240002FB08F36FF015024BF803204FF4C37358
:102734001F4A2049204806F0C3F949461F4806F0BD
:10274400BFF94FF4C3711A4806F0B1F914F1160F2A
:102754003460EBD01978A142E8DD02FB08B0C7F879
:102764009840C7F89840D7F89C4000F10801007BD6
:1027740064F304000871D7F8A0000C79400860F3F2
:1027840047140C71D7F89C1021F01F017160D7F821
:10279400A01021F01F01316108F1010814360C3535
:1027A400A3E700BFE019002000ED00E0F01D0020C9
:1027B400FCAB0000C09D0000599C000057AC000019
:1027C4002DE9F041574C584ED4F890303568C3F396
:1027D40007239D4286B013D940F2AD13534A54499E
:1027E400544806F06DF9D4F8902029465248C2F3B3
:1027F400072206F065F940F2AD114C4806F057F98E
:102804000020FFF73BFF4D4BC4F8C03085421AD17E
:102814004B4C01A82570FFF76BF9002506464FF0D5
:102824004108484FAE4215D1002023783D49D1F8E4
:102834009020C2F3072293426DDB0020FFF712FFC2
:1028440006B0BDE8F081716801EB0011FFF73AFEB4
:102854000130DBE7019A290102EB0513D3F80CC020
:102864000CEA0700B0F5001F27D0B0F5800F40D068
:10287400B0F5801F4DD1586852589B68CDE90202CB
:102884002122013B20F01F010B4423F01F038DF88C
:1028940010200593207802A9FFF72EFE002835DAD0
:1028A400234940F2D713214A224806F009F9264861
:1028B40006F006F940F2D7119FE758689B68525812
:1028C400013B20F01F010B4423F01F031CF0010FF8
:1028D400CDE902028DF810800593DBD01B497B23E0
:1028E400124A144806F0ECF8194806F0E9F87B217E
:1028F40083E758689B685258013B20F01F010B4442
:10290400CDE9020223F01F030622C0E72378013336
:102914002370013586E7C1F89830C1F8A00001336F
:1029240085E700BF00ED00E0509A0000FCAB00001A
:10293400C09D0000599C000086AC0000AAFF440022
:10294400F01D00200000F0FF0FAD0000BAAC000045
:10295400E0AC000008B5024B1B689847002008BD96
:10296400F4190020034B044A1860937843F00203DF
:1029740093707047F41900202400002008B506491C
:10298400064821F00701C1F1005202F5E022FEF7EA
:1029940017FD002008BD00BFAF4A0020F819002031
:1029A400054B03EB8000D0F8003223F0E04343F002
:1029B4004053C0F80032704700258450052370B599
:1029C400144D154E2C780134B4FBF3F303EB83035D
:1029D400E41A06F076FA114A137823B156F8243033
:1029E400C01A072814D94FF05023D3F8141141B159
:1029F4000021C3F81411D3F814312C700CB901233D
:102A040013702C7806F05DFA46F82400012070BD9E
:102A14000020FCE7F21D0020041A0020F11D002014
:102A2400012208B5114B1249C3F8002502230020E6
:102A3400C1F8D036FFF7B4FF1046FFF7B1FFC1F875
:102A44000427C1F80429C1F8002B00F0E5F858B1B7
:102A5400084909484FF40C73084A06F031F84FF45A
:102A64000C71064806F023F808BD00BF00100050A2
:102A74000040005072AD0000599C000048AD0000B9
:102A840007B50DF1070001F0DBFB154B98420BD0A5
:102A94001449154840F23A23144A06F011F840F25A
:102AA4003A21124806F003F84FF48062104B1149A2
:102AB400C3F8B8254FF40062C3F83C259DF807001D
:102AC40001F0A6FB0C499DF8070001F089FB0120E9
:102AD4009DF80730984001F07DFB03B05DF804FBDE
:102AE4000000AD0B72AD0000599C000048AD000021
:102AF40000A002502CA0025028A1025048B1054B5E
:102B0400054A1B68B3FBF2F35843044B43F001033B
:102B1400184770473400002040420F00D09900004D
:102B2400F8B500214FF0FF354FF6FF77184C194EDA
:102B3400DFF864C0000714F8013B5A090DD0012ADC
:102B44001DD01649164840F2CA33164A05F0B8FF9C
:102B540040F2CA31134805F0AAFF25FA03F2D2075E
:102B6400EFD5324602EB8303D3F80022013122F081
:102B7400E04202430429C3F80022DCD1F8BD03F08B
:102B84001F0327FA03F2D207DBD56246EAE700BF48
:102B9400D5AD00000025845000288450AEAD00005F
:102BA400599C00007BAD00002DE9F0410646012050
:102BB4000D46FFF7B5FF4FF47F03D3F83021D3F868
:102BC4003431072A20D1023B032B02D8114AD35CAB
:102BD400D3B14FF050244FF0010800270520C4F86A
:102BE4001886C4F8147606F07CF94046C4F81486B6
:102BF40006F077F9C4F81476C4F8187630462B46F4
:102C0400BDE8F041002118474FF050230022C3F8DB
:102C14001426F3E7D1AD00000149024805F09FBF37
:102C2400789A0000181A0020044B0020D3F80425D9
:102C3400D20744BF0022C3F80425704700D00050D7
:102C440010B5044C23781BB9FFF7D4FB0123237080
:102C540010BD00BFF31D0020054BD3E8EF2F511C1E
:102C6400C3E8E01F0028F8D10AB9FFF7EFBB7047AB
:102C7400381A002037B540230C460A490093411AFC
:102C8400491105462346084A084806F034F8011E4F
:102C940005DA2846234603B0BDE83040184703B0A0
:102CA40030BD00BF501A0020698D0000149500004B
:102CB400C9B2032908B509D909490A487F230A4A30
:102CC40005F0FEFE7F21084805F0F1FE0C220369A1
:102CD40001FB0233D3F8880000F0070008BD00BFF1
:102CE40016AE0000599C0000D9AD000070B5C9B201
:102CF400032903690BD91A491A4840F2D1131A4A15
:102D040005F0DEFE40F2D111174805F0D0FEEFF3D6
:102D14001185202484F31288BFF36F8F0C2606FBE1
:102D24000134D4F8884014F0C00408D0A24206D07C
:102D340085F31188BFF36F8F4FF0FF3070BD012210
:102D440006FB0133C3F8882085F31188BFF36F8F26
:102D5400436803EBC1035B6898470020EEE700BFBC
:102D640016AE0000599C0000D9AD000070B50D46A8
:102D740006490446411A491140220548FFF7B6FFA7
:102D84002B4601462046BDE870401847501A0020E3
:102D9400149500002DE9F843002201210646052080
:102DA400FFF772FA114801F0DFFA114B984219D17A
:102DB40001F0EAFA00244FF00C080127DFF8349000
:102DC4003569494605EB441005F0C9FE002807DBC8
:102DD40008FB04550134042CC5F88870F0D1002098
:102DE400BDE8F8836FF00400FAE700BFB92E0000D5
:102DF4000000AD0B849A00001FB500220123CDE929
:102E040002236B46084ACDF800D0CDF804D005F073
:102E1400A2FF002805DB4FF480420023684602F03D
:102E240035FF05B05DF804FB998D000010B5EFF394
:102E34001184202383F31288BFF36F8F074A13682A
:102E440023F00201DB07116002D4012001F050FBE2
:102E540084F31188BFF36F8F10BD00BF001B0020E7
:102E64000C22124B014602FB0033002030B4D3E99C
:102E74002052C3F88000EFF31180202484F31288D9
:102E8400BFF36F8FD3F8884004F0C00444F0020409
:102E9400C3F8884080F31188BFF36F8F1DB12B46B0
:102EA40030BC0348184730BC704700BF501A00209C
:102EB4001495000008B5092822D8DFE800F00513AE
:102EC400212121212115110F134BD3F8880010F073
:102ED40007001FD1BDE80840FFF7C2BF0220F9E791
:102EE4000320F7E70120F5E70C494FF43D730C4A42
:102EF4000C4805F0E5FD4FF43D71094805F0D7FD98
:102F040006494FF44173064A064805F0D9FD4FF4CB
:102F14004171F2E708BD00BF501A0020C09D0000B7
:102F2400D9AD0000599C000010B4EFF311822023A6
:102F340083F31288BFF36F8F1848016841F00204CD
:102F44000460C80707D482F31188BFF36F8F012090
:102F540010BC01F045BA4FF05021D1F80C04D1F85F
:102F64000C14C907EFD5EFF3118083F31288BFF374
:102F74006F8F0B49D1F8883003F0C00343F002038C
:102F8400C1F8883080F31188BFF36F8F82F3118802
:102F9400BFF36F8F002010BCFFF762BF001B00203F
:102FA400501A00202DE9F041012206464349D1E898
:102FB400EF3FC1E8E02F0028F9D1A3B940494148C7
:102FC4004B60CB608A60FEF7DBFC00280BDA3E49DD
:102FD4004FF429733D4A3E4805F072FD4FF42971C0
:102FE4003A4805F064FD76B3731E012B5BD8012EBD
:102FF40007D14FF05023D3F81C3403F00303022B02
:1030040021D006F0A0F80546F8B9324B1B78E3B19D
:103014004FF0502302220746C3F808234FF05024F0
:10302400DFF8B480D4F81824D4F81834D20315D5B2
:1030340003F00303022B01D0012E0FD16DB387F3EC
:103044001188BFF36F8FBDE8F081EFF31187202360
:1030540083F31288BFF36F8F0125DFE7C5B13846CC
:1030640005F0DDFDD4F81835DBB2012BDAD1D4F844
:103074000421002AD6D00022C4F80421D4F8042163
:103084000222C4F818252022C8F88021A360C9E7C9
:103094000021212003F05EFEE4E74FF050230222DA
:1030A400C3F80423CFE70D4940F2B623074A084882
:1030B40005F006FD40F2B62192E700BF4C1A00204D
:1030C4003C1A0020701A00203AAE0000D9AD00006E
:1030D400599C0000F61D002000E100E0C09D0000A6
:1030E40008B5074805F0AFFF38B10648FFF73AFCCA
:1030F4000448FEF705FA002008BD6FF01200FBE754
:10310400749500000D3100000A2838B50446074DB7
:1031140004D1AB680D2128465B689847AB68034827
:103124005B68E1B29847204638BD00BF7495000043
:1031340010B5036961B920493F23204A204805F0AE
:10314400BFFC204805F0BCFC3F211C4805F0AFFC47
:10315400486850B91C494023184A194805F0B0FC86
:103164001A4805F0ADFC4021EFE75868F8B18842F1
:1031740019D19C680868A142586000D19860002069
:1031840008602AB15A680A609A68596002B999605D
:10319400002010E0814206D10868206098688142CE
:1031A400EDD19C60EBE7044600680028F2D1002AC8
:1031B400E8D16FF0150010BD8AAE00004EAE0000DD
:1031C400599C000093AE0000A2AE0000B4AE000013
:1031D40008B503680246590914D0012906D14FF6EF
:1031E400FF7103F01F03D940C80712D40A490B48E2
:1031F40040F2CA330A4A05F063FC40F2CA31084877
:1032040005F055FC4FF0FF31D940C907EED505480C
:1032140000E00548136008BDAEAD0000599C0000F5
:103224007BAD00000025845000288450F0B5406830
:1032340001F01F04057B87B044EA45140569002D9D
:1032440077D0B2F5001F00F1100506D121462846BB
:1032540005F0F3FE002007B0F0BD0027B2F5800FA3
:1032640001AE0197776033D1B3F1007F14BF05231A
:1032740004238DF804300023CDE9046303938368A9
:10328400CB40D90739D4B2F1A07F36D16846009437
:10329400FFF79EFF009B803350F82330DB072CD4CC
:1032A4006A462146284601F057FC254B98421AD01D
:1032B400CDF808D02146284603AA01F00DFB214B86
:1032C400984239D101222146284601F0D7FCC1E7B2
:1032D400B3F1C06F05D0B3F1007F14BF0123022303
:1032E400C7E70323C5E76946284601F0BFFC154B31
:1032F4009842DDD06FF00B00ADE76A4621462846C0
:1033040001F02AFC0F4B06469842D3D128469DF87B
:10331400001001F0A3FCB042CCD00B490B4840F2A2
:10332400E1130B4A05F0CCFB40F2E111084805F02B
:10333400BEFB6FF085008EE76FF015008BE700BFD2
:103344000400AD0B0000AD0BF7AE0000599C00006B
:10335400CBAE00002DE9F043466840F20635337BDE
:10336400D00601F01F0747EA431748BF032302EAC8
:10337400050558BFC2F3401387B0B5F5837F1446E3
:103384008DF8033043D00FD8062D18D007D8B5B127
:10339400022D3ED06FF0150007B0BDE8F083B5F5FF
:1033A400807FF7D101250AE040F20222954232D013
:1033B400B5F5407F31D0B5F5007FEBD1022522036E
:1033C4002DD5012372688B409360336973BB03A8C6
:1033D4000397FFF7FDFE039B00EB830084F4803327
:1033E400C3F30043C4F34044D0F8002244EA430446
:1033F4009DF8033022F4706244EA830422F00F0241
:1034040044EA05231343C0F800320020C4E707252B
:10341400D5E70425D3E70525D1E70325CFE76303E3
:1034240041BF012372688B40D360CEE71036394622
:1034340030460DF1020201F08FFB14F4403F804648
:1034440017D13946304605F0F6FD254B9845DCD1B9
:1034540030469DF8021001F001FC4045D5D02149C9
:103464002148DE23214A05F02BFBDE211F4805F00D
:103474001EFB4FF0000901AB3946304603AACDE9E3
:103484000439CDE90199CDF80C9001F025FA144BDB
:1034940098427FF47FAF14F4003315D09DF80330C5
:1034A40084F48034C4F300448DF80E3039464B461E
:1034B400304603AA8DF80C508DF80D4001F0C6FA81
:1034C400074B9842C1D065E7CDE9043339460DF185
:1034D4000303304603AA039301F0FEF9F0E700BFAB
:1034E4000000AD0BF7AE0000599C0000CBAE00000D
:1034F4004209034670B502D0012A1ED070BD144E95
:10350400326951680029F9D0012503F01F030C68C2
:103514009D400029F2D08A682A4012D04B6873B9C2
:103524000C4964230C4A0D4805F0CAFA0C4805F00E
:10353400C7FA6421084805F0BAFA0A4EE0E73046B3
:1035440098471CB1236821461C46E2E72346FAE764
:10355400549500000BAF00004EAE0000599C0000D3
:10356400B4AE00003495000038B545682B69B3B19A
:103574001035284601F068FB044680B90146284608
:1035840001F016FB084B98420BD122462846074906
:1035940001F0DCFA224605210D20FEF775FE00201D
:1035A40038BD6FF00400FBE70000AD0BF5340000FC
:1035B40010B5154C204605F046FD08B36368A168B4
:1035C4001B6822699B020CD51368204623F4001360
:1035D40013600B684FF4C0221521984700EAE0708D
:1035E40010BD0A494FF47F73094A0A4805F068FA86
:1035F400094805F065FA4FF47F71054805F057FA5C
:103604006FF01200ECE700BF54950000FD9D000030
:10361400EF9B0000599C00003B9E000008B5036826
:103624000246590914D0012906D14FF6FF7103F05F
:103634001F03D940C80712D40A490B4840F2CA33C1
:103644000A4A05F03DFA40F2CA31084805F02FFA5B
:103654004FF0FF31D940C907EED5054800E00548D1
:10366400136008BDAEAD0000599C00007BAD0000A6
:1036740000258450002884502DE9F04F15468246D9
:1036840040F2FF19DFF878B185B000EB8108D0452E
:1036940003D1002005B0BDE8F08FDAF80030C3F3A1
:1036A400C3210829C3F3080400F2A480554A1B0E61
:1036B4004C4508BF4FF0FF34575C192B00F29D8036
:1036C400DFE803F00D141A1D20261D9B9B9B9B35E0
:1036D4006265686B6E7174779B9B7A8F9295C5F85F
:1036E4000C45621C72D10AF1040AD0E7C5F81445EE
:1036F400631CF8D0002672E0C5F80845F1E7C5F868
:103704001045F5E7661CC5F80845ECD0002604E032
:10371400C5F80C45601CE6D0012603A80394FFF706
:103724007DFF0121039B01FA03F3C36008E0C5F8A0
:103734000845002FDCD1611CD5D000260627314670
:10374400DAF80030039403F40040002818BF002185
:1037540003A818BF012601930091FFF75FFF039CA4
:10376400019B00EB8400D0F80042C3F3412C009984
:103774003B0243EA8C030B4304EA0B04234343EA6E
:103784004603C0F80032AEE7C5F80C45D1E7C5F8EA
:103794006445BFE7C5F86445AAE7C5F86845B9E7D5
:1037A400C5F86845A4E7C5F86C45A1E7C5F87045B8
:1037B400B0E7C5F86045ADE7C5F86045621CDAF8C6
:1037C400003090D0C3F30043002BA5D0012603A8FA
:1037D4000394FFF723FF039B06FA03F38360314648
:1037E400AEE7C5F86445E9E7C5F86845E6E7C5F816
:1037F4006C45E3E76FF015004CE76FF0850049E78F
:10380400F0F0FCFF2FAF000073B543680D46986AD3
:1038140000282DD0012493F82C309C4043681B6869
:103824001C420ED1144940F23463144A144805F082
:1038340047F9144805F044F940F234610F4805F0A3
:1038440036F90669836801A95B689847002807D0A0
:1038540004DB003818BF01202870002002B070BDBE
:103864003268019B5340234214BF01200020F0E73B
:103874006FF08500F2E700BFFD9D0000EF9B0000A4
:10388400599C00003B9E000010B543680A46986AA4
:1038940040B3012926D893F82C10012303FA01F12F
:1038A400436804691B6819420ED1104940F28D63C4
:1038B4000F4A104805F004F90F4805F001F940F2E9
:1038C4008D610B4805F0F3F82368194218BF82F0A4
:1038D400010222B18368DB68BDE8104018478368A1
:1038E4001B69F9E76FF0850010BD00BFFD9D000066
:1038F400EF9B0000599C00003B9E0000F8B5446813
:10390400206800284FD005F09EFB00284CD020688A
:103914002179E38803F03002302A0669D0E90147AF
:103924000ED1234940F2E233224A234805F0C8F875
:10393400224805F0C5F840F2E2311E4805F0B7F818
:1039440003F00602042A09D11D4940F2E933194A59
:10395400194805F0B5F840F2E931EEE7012524688D
:10396400DA0705FA01F554BF43F4B01383F4D01316
:10397400254223F480120CD112494FF47F730D4A6F
:103984000D4805F09DF8104805F09AF84FF47F7142
:10399400D3E73468DB074CBF2C43AC4334603B684B
:1039A400984700EAE070F8BD6FF01200FBE700BF33
:1039B400209C0000EF9B0000599C0000769C0000B6
:1039C400499D0000FD9D00003B9E00002DE9F04153
:1039D40004460D46476805F0B6FB4FF0200888B949
:1039E400264B1B7873B16426606805F02AFAF0B997
:1039F400012005F076FA013EF6D10021212003F0E2
:103A0400A9F9F0E7EFF31186314688F31288BFF382
:103A14006F8F606805F015FAA8B986F31188BFF3B3
:103A24006F8FEFE786F31188BFF36F8FE5E7EFF34E
:103A34001186314688F31288BFF36F8F606805F0F2
:103A440000FA0028EED0FB6900201D706368FA6953
:103A54001B68C3F844250122C3F84825C3F8200194
:103A6400D3F82041C3F85801D3F858019A6081F380
:103A74001188BFF36F8FBDE8F08100BFF61D0020F1
:103A8400F8B50546002201210820FEF7FDFB0820B9
:103A9400FEF7DEFB6C680121E06805F003FA6B6851
:103AA40019682369C1F82435A27D637D207D134301
:103AB400228B02431343C1F86C356E68D6E9004388
:103AC40013F0010342D02F6907F1080000F0B8FB9E
:103AD4002D4B984254D1387A04F10C0204F59071BC
:103AE40005F001FA387A012707FA00F000F072FBBA
:103AF4000823C4F80035F369C4F844350023C4F836
:103B04004835A760D4F85831002BFBD00026C4F800
:103B140000656B683146D86805F0C4F96D683146B4
:103B2400E8682C6805F0BEF90823C4F800352A7A41
:103B340052B92B6AC4F834350123C4F83835C4F8B3
:103B44001021D4F8102123600020F8BD0822C4F805
:103B54000025F269C4F84425C4F848350123A3605C
:103B6400D4F82031002BFBD00023C4F82031D4F842
:103B740020310123E3604FF48073C4F80433C1E7B8
:103B84006FF00400E1E700BF0000AD0B70B40E4914
:103B940022F07F46D1E90034D01AC31844F100045E
:103BA400C1E90034A6F50013B3F5400F09D2074B61
:103BB4001B681A0A1B069C19054B42F10005C3E950
:103BC400004570BC03F074BD38060020301B002093
:103BD400400600200D4B1868010A0006BFF35F8FF2
:103BE4000B4BD3F80435181841F10001B3F5801FCD
:103BF4000AD2084BD3E90023904271EB030303D2AA
:103C040010F1807041F10001704700BF301B0020AB
:103C140000500150400600202DE9F7432E4BD3F805
:103C2400042390070BD5D3F8042142B10022C3F832
:103C340004212A4AD3F80431136801331360264A55
:103C4400D2F80433D90326D5254BD3E8EF1F21F04E
:103C54000100C3E8E40F002CF7D1CB0702D4D2F85B
:103C64004031C3B100251C4CC4F84051D4F8403154
:103C7400FFF7B0FFEFF31182202383F31288BFF321
:103C84006F8F184BD3E90267B042B94106D282F371
:103C94001188BFF36F8F03B0BDE8F0834FF0FF3896
:103CA400D3E900104FF0FF391D60C3E902894FF4D6
:103CB4008033C4F84833C4F84051D4F8403182F317
:103CC4001188BFF36F8F0029E5D0009032463B4640
:103CD40028468847DFE700BF00500150301B002012
:103CE400281B0020280600202DE9F84F04460D4625
:103CF400434FD7E8EF8F28F00103C7E8E23F002ADB
:103D0400F7D14FF480393F4EC6F80893BFF35F8F65
:103D1400BFF36F8FFFF75EFFA04271EB050308F05E
:103D2400010840D2384B201A65EB0101984271F129
:103D3400000148D2354BD3E902239D4208BF944287
:103D44003AD04FF0000C24F07F40834603216FF0FB
:103D5400020EC6F84893C6F840C1D6F84031DFF8E1
:103D6400B0A02BF07F43C6F84035C6F84493D6F88C
:103D74000425AEEB02035B4423F07F4353451BD978
:103D8400D6F840315BB1D6F80425131A23F07F43EB
:103D9400B3F5000F10D9C6F840C1D6F8403101EB95
:103DA400020B0131DDE71B4BD3E8EF1F41F00101AA
:103DB400C3E8E21F002AF7D1144B174AC3E90245AE
:103DC4001A6000225A60B8F1000F16D0D7E8EF3F0E
:103DD40043F00103C7E8E23F002AF7D14FF48032F1
:103DE400084BC3F804230B4BD3E8AF3FDB0742BFB8
:103DF4004FF40012094BC3F80021BDE8F88F00BF4F
:103E04002C1B0020005001500100800028060020D7
:103E1400FDFF7F00281B0020913B000000E100E033
:103E240070B54FF0FF3000254FF0FF31164C174BA3
:103E34000226C4F80833C4F84833154BC4F80855AF
:103E4400C3E902014FF480334FF40012C4F8043381
:103E5400104B0121C4F804631520C3F880212A46BD
:103E6400FEF712FA1520FEF7F3F901230A4AA360BC
:103E74000021236009481360FFF736FF3046FFF73F
:103E840091F8284670BD00BF0050015003000F0098
:103E94002806002000E100E02C1B0020FFFF7F002B
:103EA400431C10B50F4C05D08442A8BF0446012C16
:103EB400B8BF0124FFF78EFE0B4AD2E90031C01AC5
:103EC400B0F5000F074A0AD22044904228BF10469A
:103ED400BDE81040C01841F10001FFF705BF1046CE
:103EE400F6E700BFFFFF7F003806002008B5FFF7A4
:103EF40071FE024B1B68C01A08BD00BF38060020C3
:103F04004FF47F03D3F83021D3F83431072A05D195
:103F1400023B032B02D8024AD05C70470020704752
:103F24004FAF00004FF05023D3F85825034B02F055
:103F34000302D340024A1360704700BF0020A10768
:103F44003400002008B5FFF7DBFF58B1784BD3F8F5
:103F5400202A3AB90D21C3F8201A0121C3F81C19EB
:103F6400C3F81C290022D30003F57F03D3F8001300
:103F7400013107D0D3F800130132D3F80433202AD7
:103F84000B60F0D1FFF7BCFF002840F0B980FFF7C9
:103F9400B7FF40B1674B684AC3F830254FF0502350
:103FA4000122C3F858254FF47F03D3F83021D3F806
:103FB4003431072A09D1023B032B06D85F4AD35C6C
:103FC4001BB100225E4BC3F84C25FFF799FF50B19B
:103FD4004FF05023D3F80024D00742BF0022C3F887
:103FE4001421C3F818214FF47F03D3F83021D3F8F8
:103FF4003431072A09D14FF05023D3F80024D107D4
:1040040044BF6FF00102C3F80024FFF779FF18B131
:104014006522474BC3F80C274FF47F03D3F83021B4
:10402400D3F83431072A16D1454BD3F82034002B6A
:1040340011DA4FF050230322C3F8182501229A60A5
:10404400D3F80421002AFBD00022C3F80421012262
:10405400DA60C3F818254FF47F03D3F83021D3F87E
:104064003431072A23D1023B032B02D8354AD35CCF
:10407400EBB17E222E4B2F49C3F80C27C3F83C2901
:104084007F23314AC2F818310023C1F8043EC1F835
:10409400083E01F54821C1F81031C2F82431C2F8B4
:1040A4002C3102F5FF1202F58052C2F8A032274BE0
:1040B4009A6AD2072CD501211E4AC2F80415D2F8F7
:1040C40000140029FBD09A6A22F001029A62194B6B
:1040D400D3F80024002AFBD00022C3F80425D3F827
:1040E4000024002AFBD0BFF34F8F1949194BCA682B
:1040F40002F4E0621343CB60BFF34F8F00BFFDE7D0
:1041040029220B4BC3F80C270322C3F83C273EE7B4
:104114000F49D1F88C2042F44062C1F88C20196810
:104124000D4AC2F84415DB69C2F84C3508BD00BF1E
:1041340000400050009003504400EFBE4BAF00001D
:104144000020035047AF0000002000500080FF0013
:1041540000ED00E00400FA050060005030B504688A
:10416400ACB1B4FA84F30122C3F11F03DBB29A4069
:1041740024EA0202D0E8EF5FA54204D1C0E8EC2FA4
:10418400BCF1000FF6D1EAD102480B7030BD0248F1
:10419400FCE700BF0000AD0B0200AD0B10B50368D7
:1041A400CB40DB0710D401238B40026843EA0201B1
:1041B400D0E8EF4F944204D1C0E8EC1FBCF1000FEB
:1041C400F6D1F2D1014810BD0148FCE70000AD0B67
:1041D4000400AD0B014BC3F8040570470070015097
:1041E40008B549B9074908484823084A04F068FC57
:1041F4004821064804F05BFC40F00040C1F8800010
:1042040008BD00BFF0AF0000599C0000B3AF000030
:1042140008B549B9074908484E23084A04F050FC38
:104224004E21064804F043FC40F00040C1F88000F1
:1042340008BD00BFF4AF0000599C0000B3AF0000FC
:104244000146014800F0C4B9380000200328F7B53E
:10425400064635D84FF050213D4B3E4A33F8100006
:10426400925DC1F808030A44002501213A4B11600C
:1042740033F816308E4203F150231D601B688DF80D
:10428400071001D10DF1070542F210744FF05027C9
:10429400022E4BD0032E1FD0012E30D0D7F8183465
:1042A40003F48033002D4AD0D7F8182402F0030217
:1042B4002A701BB19DF8070001282BD003B0F0BD74
:1042C400264927484FF48673264A04F0F9FB4FF435
:1042D4008671244804F0EBFBD7F85434DB03EDD5A6
:1042E400002DE7D1012004F0FCFD013CF4D1E5E709
:1042F400002BE3D0012004F0F4FD013CDED0D7F81C
:104304000C3403F48033002DF2D0D7F80C2402F0DF
:104314000102CDE704F0E5FD013CB9D1CEE7002B65
:10432400CCD0012004F0DDFD013CC7D0D7F85C34CB
:1043340003F48033002DF2D0D7F85C24E7E7002B98
:10434400BCD0012004F0CDFD013CA3D1B6E700BFF1
:10435400E49B000053B00000DC9B0000C09D000003
:10436400599C0000F8AF0000044B1A7922B90122CD
:1043740018601A710248704702487047341B0020C5
:104384000000AD0B0C00AD0B08B5114B1A795AB9EE
:10439400104911484FF4B673104A04F091FB4FF4DE
:1043A400B6710E4804F083FB1B6833B10520FDF79A
:1043B4005DFF10B90520FDF74BFF4FF0502301229C
:1043C400C3F81825C3F81425C3F8802508BD00BF19
:1043D400341B002035B00000599C0000F8AF0000E9
:1043E40038B53E4C23795BB93D4940F2C1133D4A8F
:1043F4003D4804F065FB40F2C1113A4804F057FB14
:1044040003284FD8DFE800F018585D0218224FF453
:1044140090734FF48071002003F1502318601D68DD
:10442400012502F1502215602268002A4FD04FF076
:104434005023C3F804132AE04FF05023D3F8181480
:10444400D3F81824C90312D502F00303022B05D0B4
:10445400012B02D00020FFF7F9FE01234FF0502278
:104464000221C2F8183508224FF48273D3E7D3F837
:104474001424D207F1D5D3F81C2402F00302013A24
:10448400012AE7D822681AB10222C3F8042338BDEE
:10449400D3F80421002AFBD00022C3F80421D3F866
:1044A4000431F4E7114940F21D230E4A0E4804F08A
:1044B40007FB40F21D21A0E700224FF48073012185
:1044C400A9E720224FF492734FF40071A3E71A680E
:1044D400002AFCD018601B68D9E700BF341B0020F9
:1044E40035B00000F8AF0000599C0000C09D0000EA
:1044F40008B5094B1B795BB90849094840F23723D1
:10450400084A04F0DDFA40F23721064804F0CFFAF5
:10451400BDE80840FFF79ABE341B002035B0000008
:10452400599C0000F8AF0000F8B54FF05023012566
:104534000026D3F80443224F04B9F8BDB4FA84F03A
:10454400C0F11F00820002F5807292B202F1502283
:1045540005FA00F311689BB224EA03040029EBD0A6
:10456400166012684FF05022022BC2F8083314D0A0
:104574000DD8012B1FD0134913484FF46F73134AFE
:1045840004F09EFA4FF46F71104804F090FAB3F5FA
:10459400807F10D0B3F5007FECE7D2F81814D2F87E
:1045A400181401F00301012905D1C2F81835C2F825
:1045B40004339160C0E73B68C0B29847BCE700BFD2
:1045C400341B0020C09D0000599C0000F8AF00007F
:1045D4000079024B03EB0010FFF7C0BD4000002040
:1045E400034A4309D35C00F01F001844C0B270476B
:1045F40080B1000008B502680146104604F07EFC54
:1046040058B9104940F2CA330F4A104804F058FA16
:1046140040F2CA310C4804F04AFA02F01F0352096E
:104624000B600BD0012A0BD0094940F2D333064A60
:10463400064804F045FA40F2D331EBE7054808BDDB
:104644000548FCE7AEAD00007BAD0000599C0000BE
:10465400C09D00000025845000288450072808B518
:104664000BD90849084840F2D133084A04F028FA23
:1046740040F2D131054804F01AFA800000F5807048
:1046840008BD00BF8CB00000599C000057B000006A
:1046940070B50546FFF7A4FF0C4C083034F8103011
:1046A4000E46DA0508D5C3F3432304EBC3022846B8
:1046B40054F8333052689847A3682BB131462846E2
:1046C400E268BDE87040184770BD00BF3C1B002085
:1046D40008B5FFF785FF034B083033F81000400B93
:1046E40008BD00BF3C1B002008B5FFF779FF034B52
:1046F400083033F81000C0F3400008BD3C1B002014
:1047040008B5FFF76DFF044B083033F8100010F0C4
:104714001C0018BF012008BD3C1B002008B5FFF792
:104724005FFF034B083033F81000C0F3401008BD9E
:104734003C1B0020034611F0010010B5CCB20BD194
:10474400A207C4F340000DD5074A106A58601062EE
:10475400003818BF012005E004490A6A1A600A6299
:10476400002AEDD010BD00BF0028845000258450DD
:1047740010B5FFF735FF184A083032F81030D90564
:104784001DD5C3F3432123F4F85322F8103000203D
:1047940002F10E0434F8023F13F4807F03D0C3F314
:1047A400432399420BD001303028F3D100230B4826
:1047B40042F83130FFF7F2FC094B984200D110BDAA
:1047C4000849094840F2EB13084A04F079F940F229
:1047D400EB11064804F06BF93C1B0020B41B0020CD
:1047E4000000AD0BF7AE0000599C000096B000002D
:1047F4002DE9F8430024074625464FF00108A14659
:10480400CEB2B4420DD1124BD3F87C2132B1002286
:10481400C3F87C21D3F87C3145F000452846BDE837
:10482400F8832046FFF71AFFA0F58072920808FA71
:1048340002F2174209D000F1A04303F5504319686E
:1048440019B1C3F800901B6815430134E4B2D8E7EA
:1048540000D00050F7B506460846FFF7C1FE1A4FD0
:1048640000F1080537F815300C46DB072AD5304629
:1048740004F0BDFB2046FFF751FF58B12046FFF777
:1048840027FF0022316800B201EB8003C3F8102532
:10489400C3F810252046FFF76BFF002301A827F873
:1048A40015300194FFF7A6FE019B00EB8300D0F8BE
:1048B4000022064B134043F00203C0F800320448C0
:1048C40003B0F0BD0348FBE73C1B0020F0F0FCFF05
:1048D4000000AD0B0400AD0B2DE9F04316468046F5
:1048E40085B00846FFF77CFE37680D460446E7B1FD
:1048F400084604F071FB08BB3B46CDE900008DF887
:104904000E008DF80F000DF10F020DF10E01284677
:1049140004F006FB494A04F1080132F8113023F08F
:10492400020343F0010322F8113073687BB3284675
:104934001F785968FFF7D8FE10B1E9B1404829E063
:104944003E4A04F1080032F8103023F02003DB045F
:10495400DB0C22F8103079B1032FEFD87168D1F84D
:1049640004E0D8F800109EF800C001EB8C01A7B950
:10497400C1F81075C1F81075304A04F1080132F815
:10498400113023F01C0343EA870322F81130B36883
:104994005BBB2C4805B0BDE8F083D1F810E543EAD1
:1049A4004C332EF0030EC1F810E5D8F8001043F094
:1049B400200301EB8C0EDEF8101522F8103021F4E0
:1049C4004F3121F44071CEF810152902DEF810851C
:1049D40001F47C5141EA074141EA0801CEF810157F
:1049E40002EB4C01A1F87C50C6E72846D3E90067E6
:1049F400FFF7BEFE002ECCD0104DD5E90023964221
:104A040003D19F4201D1002209E00F480DF10F01AB
:104A1400FFF7A4FB0B4B9842BCD19DF80F2005EB8C
:104A2400C20308345F6035F8143045F8326043EA55
:104A3400422343F4807325F81430AAE73C1B00207A
:104A44000400AD0B0000AD0BB41B00202DE9FF41A9
:104A54000C468046204611461D46FFF7C1FD06461A
:104A640021B32046FFF740FE18B92046FFF756FE53
:104A740010BB2046FFF744FE10B14B78012B1BD02E
:104A840001238DF80F3000234A1CCDE90013204682
:104A94008B1C0DF10F0104F043FA294A06F10801B9
:104AA40032F8113043F0030322F81130002D44D0C2
:104AB4002046FFF719FE18B9224804B0BDE8F0817A
:104AC400002295F800C0D8F800301D4F03EB8C038A
:104AD400C3F81025C3F8102506F1080237F81210A0
:104AE4004FEA8C0E21F02001C904C90C27F81210DA
:104AF4006E7816B3D8F80000AD787044D0F810354D
:104B0400360423F4991323F4F853C0F81035230220
:104B140003F47C5306F440362D05D0F810E53343F6
:104B240005F480152B4341EA4C3143EA0E0341F06E
:104B34002001C0F8103527F812100348BDE700BF64
:104B44003C1B00200400AD0B0000AD0B014BC3E97E
:104B5400021270473C1B002010B514465AB90E4986
:104B64000E4840F24D330E4A03F0AAFF40F24D3195
:104B74000B4803F09CFF0846FFF7D0FD50B10846F0
:104B8400FFF72EFD074B083033F8103006485B0B57
:104B9400237010BD0548FCE734B10000599C0000A7
:104BA40096B000003C1B00200000AD0B0400AD0BD0
:104BB400F8B51E4B026805469A420BD01C491D48A5
:104BC4004FF458731C4A03F07BFF4FF458711A4892
:104BD40003F06DFF194E96F88C402CBB27466022DB
:104BE400214606F1100004F03EFB2D68E0B2FFF709
:104BF40035FDA0F580739B081F2B08BF2F5004F1CF
:104C0400010408BF2B58082CF0D1002345F30730CA
:104C1400C5F87C31D5F87C31FDF71AFB012308482F
:104C240086F88C30B367F8BD0648FCE700D0005026
:104C34003EB10000599C000096B000003C1B0020CF
:104C44000000AD0B0C00AD0B034B93F88C00003847
:104C540018BF0120704700BF3C1B00200079024BA5
:104C640003EB8000FFF79ABA500000200079024B52
:104C740003EB8000FFF772BA500000202DE9F341E6
:104C8400054608460C461646FFF73AFD58B933491F
:104C940040F25343324A334803F012FF40F2534187
:104CA4002F4803F004FF0846FFF738FD2F6800B3D0
:104CB4000846FFF719FD8046D8B90846FFF708FDF6
:104CC4000446FFF7CBFC47F800803B582B6822B220
:104CD40003EB8203D3F8102542F00102C3F8102538
:104CE40026B101232A68A340C2F8043302B0BDE808
:104CF400F081D7F80433002BA4BF4FF00043C7F86A
:104D040004334EB9184940F26D43154A154803F06F
:104D1400D7FE40F26D41C3E72046FFF761FC134B19
:104D2400083033F81030C3F38203042B11D0052B61
:104D340011D001A80194FFF75DFC019B0169D940E2
:104D440001F001010231204602B0BDE8F04104F057
:104D540034B90321F7E70221F5E700BF13B10000DE
:104D640096B00000599C000075B100003C1B002067
:104D74002DE9F04F634B0821D3F8040387B0C0B288
:104D840040F00040FFF734FD051E2BDA0023032119
:104D940004A8CDE90433FFF7CDFC4FF000094FF030
:104DA400010BDFF864A10DF110081AF8013B574913
:104DB400DA088A5C03F0070322FA03F3DA071CD447
:104DC40008F10408B9F1000F14D000214FF000409D
:104DD400FFF70EFD032104A8FFF7ACFC0028DCD18B
:104DE40025F000450124474E494F002D75D107B0E9
:104DF400BDE8F08F4FF00109D7E7464B4B440093D1
:104E0400D8F800100029DBD091FAA1F1B1FA81F1B0
:104E1400009B1C7841EA44142046FFF7E1FB3C4B1D
:104E2400083033F81070C80818F8002001F00701A2
:104E34000BFA01F122EA0102BB0808F8002003A8DA
:104E440001930394FFF7D6FB039A019B803250F839
:104E54002220C7F382065B073746C2F3014221D5FD
:104E640039462046D6B2FFF713FC03A80394FFF794
:104E7400C1FB039B803350F82330C3F301439E42AC
:104E840007D10021204604F098F83146204604F06A
:104E940094F803A80394FFF7ADFB039B0BFA03F309
:104EA4000362ADE7022A0CD10321204604F085F801
:104EB40006F00503012BECD139462046FFF7E8FB49
:104EC400E7E702212046019204F077F8032EF3D09D
:104ED400019A032ADDD1022EEDE795FAA5F3B3FA80
:104EE40083F304FA03F225EA020503F5A27256F8E5
:104EF400221007EB4303B3F87C00C1F30141FFF731
:104F0400C7FB72E700D0005090B10000349B000052
:104F14003C1B002090B1000008B50A4A0A4B93429A
:104F24000ED90A4919230A4A0A4803F0C9FD0A4856
:104F340003F0C6FD1921064803F0B9FD2033EEE75E
:104F4400FCD308BDB495000014950000B5B1000071
:104F540092B10000599C0000CDB1000070B5044628
:104F6400EFF31186202383F31288BFF36F8F0E4B68
:104F74009D6804F07BF8042C0CD10C4987230C4A5F
:104F84000C4803F09DFD0C4803F09AFD8721084866
:104F940003F08DFD86F31188BFF36F8F2846BDE8BB
:104FA4007040FDF7F9B800BFCC1B00200EB2000022
:104FB400ECB10000599C00002BB2000038B50A4B3C
:104FC40053F82040013053F82050A54200D838BD92
:104FD400606830B1037FDB0701D404F04AF8083479
:104FE400F3E723689847FAE7389B0000012270B57D
:104FF400384B032086B01A70FFF7E0FFFDF740FD41
:10500400FCF77CFD0420FFF7D9FF334C334DAC4251
:10501400264628D932494223324A334803F050FD08
:10502400324803F04DFD42212E4803F040FD54F870
:105034000C3C059354F8103C049354F8143C03932B
:1050440054F8183C029354F81C3C019354F8203C47
:10505400009354E90A2354E90C0100F089FF54F841
:10506400303C5E65D3E7AE4204F13004DFD301F097
:1050740051FC194C1E4EAC421FD919496623194ADA
:10508400194803F01DFD194803F01AFD6621CBE70A
:10509400D4E90A23B3F1FF3F08BFB2F1FF3F05D0C3
:1050A40052EA0301206803D101F098FE3034E2E7AC
:1050B4003146183002F0BAF9F8E7E9D301F098FC68
:1050C400FCF7AAF80B4A137B23F00103137306B011
:1050D40070BD00BFF61D0020E0970000009900009D
:1050E40081B2000060B20000599C0000CDB1000004
:1050F400B7910000F806002008B50348034A0021D0
:10510400121A03F0CDFF08BD00020020F81D002094
:10511400B02370B5144E86B003FB0066134B012216
:1051240005930F23CDE903320023CDE90133142382
:105134004FF4A0720E4D0F4903FB0055044602FBC9
:1051440000110D4B3046009500F012FF737B2C7458
:1051540023F004037373094B013403EBC423EE609F
:105164006B6006B070BD00BF48060020AEB2000000
:10517400CC1B0020683D0020395500006835002014
:10518400BFB50020FFF71AFF2A4B03F5006282F334
:10519400088883F30A880024E023274D274F85F8E5
:1051A4002230EC772C766C76AC7685F820406B6AEE
:1051B40043F4E0236B6285F82340FCF767FFFDF7B7
:1051C400F5F84FF0FF33AB62EB62FDF7F9FAFDF748
:1051D4005DF91B4800F08AFFFFF79EFEFDF720FCF7
:1051E4000120FFF7EBFE0220164DFFF7E7FE01F06A
:1051F4008FFC154B15495D61154B4FF48062059387
:1052040001232846CDE90343CDE901443B460094FC
:1052140000F0AEFE06466A7B284622F004026A735A
:1052240001F0E0F82046FFF773FF3A46314628467E
:10523400FDF79AF86835002000ED00E0F14F00001A
:10524400A8070020F8060020CC1B0020A83E002060
:10525400B3B20000002038B50C4C0D4DAC4213D94C
:105264000C4994230C4A0D4803F02AFC0C4803F023
:1052740027FC9421084803F01AFC204603F014FF8D
:10528400002802DB2034E9E7F7D338BDD000002042
:10529400D0000020DDB20000B8B20000599C00002C
:1052A400CDB100002DE9F74305460F4691461C4653
:1052B40000F10806EFF31188202383F31288BFF36B
:1052C4006F8F304601F0E8FF60B98823314A3249D4
:1052D400324803F0F5FB3146314803F0F1FB8821F5
:1052E4002C4826E0304601F0FBFF2B691BB33B60E2
:1052F4001C68EB692C610133EB6114B96A69934250
:105304001FD0EB68E41A09D4D5E905235A43A24215
:1053140004D9B4FBF3F203FB124494B12149E92309
:10532400214A1E4803F0CCFB204803F0C9FBE921C5
:105334001D4803F0BCFB59EA040214D16FF00B04BE
:105344003B60304601F0B6FFF0B940F23113114A28
:105354001749124803F0B4FB3146164803F0B0FB7A
:1053640040F23111BCE7CDE900942A46414630466B
:1053740001F01AF9044618B90F4B9B681B693B608E
:10538400204603B0BDE8F08388F31188BFF36F8F24
:10539400F6E700BFCFA7000028A80000599C000032
:1053A4003DA80000FAB20000B8B2000076B30000D5
:1053B400FCA7000013A80000CC1B00202DE9F84333
:1053C400C3680546CB1A0E4623D4D0E905125143CF
:1053D40099421ED9B3FBF2F102FB1133CBB900F1B0
:1053E4000807EFF31189202484F31288BFF36F8F29
:1053F400384601F051FFD8B98823414A414942480F
:1054040003F05EFB3946414803F05AFB88213C48CF
:105414000CE03F4940F211133E4A3B4803F050FB75
:105424003D4803F04DFB40F211113A4803F03FFBB5
:10543400384601F055FFD5F81080B8F1000F40D17F
:10544400EFF3118384F31288BFF36F8F83F3118812
:10545400BFF36F8F5BB93149B023314A2A4803F057
:105464002FFB304803F02CFBB0212D48DEE72C68DD
:10547400A54226D02CB3A3683BB92B499923284ACB
:10548400214803F01DFB9921EFE7D4E900321360B2
:105494005A60637BC4E9008823F002036373C4F891
:1054A400088004F1180002F0A5F82046C4F8AC8086
:1054B400266100F097FF49463846BDE8F84301F0FD
:1054C400CFB92B6938463360EB692E61013BEB6140
:1054D40001F0F0FE68B940F23113094A13490A4851
:1054E40003F0EEFA3946124803F0EAFA40F23111B9
:1054F4008DE789F31188BFF36F8FBDE8F88300BF90
:10550400CFA7000028A80000599C00003DA8000077
:10551400C09D0000B8B2000091B30000DEB30000EB
:10552400B3B30000F6B30000F9B30000FCA7000019
:1055340013A8000008B50D4B9B6893F90E30002B9F
:1055440009DB2024EFF3118384F31288BFF36F8FF8
:1055540003F04CFBF6E7064906481C23064A03F011
:10556400AFFA1C21044803F0A2FA00BFCC1B0020B0
:1055740031B40000599C000010B400002DE9F3413F
:10558400044617461E46EFF3058565B158496F2357
:10559400584A594803F094FA584803F091FA6F2195
:1055A400544803F084FAEFF31188202383F312881C
:1055B400BFF36F8F524801F06FFE60B98823514AE0
:1055C40051494D4803F07CFA4D49504803F078FAAC
:1055D40088214C48E5E74A4801F082FEE3684C4ADA
:1055E4009BB1A0689168884229D057EA06032ED15E
:1055F400434801F05FFEA0B188F31188BFF36F8FB9
:105604006FF00F0002B0BDE8F081916891F90E10BF
:105614000133E36093683A482161A36001F04AFED4
:1056240078B940F23113374A3A49334803F048FA1B
:105634003349394803F044FA40F23111C9E721698A
:10564400E6E788F31188BFF36F8F0020DAE791F95A
:105654000E1090F90E306FF07E029942A8BF1946E1
:105664009142B8BF11468B4202DD03F046FD054668
:1056740022464146CDE90076214800F095FF0028F6
:10568400E3D0EFF31186202383F31288BFF36F8FE7
:105694001B4801F001FE002890D0194801F020FEBB
:1056A400A068C0B1236821699C420AD04BB193F928
:1056B4000E309942A8BF19466FF07E039942B8BFD5
:1056C400194603F01AFD30B131460D4801F0C8F80F
:1056D4006FF00A0096E7002DF6D1094801F0EAFDC3
:1056E40000289ED086F31188BFF36F8FF0E700BFC8
:1056F4007BB4000059B40000599C00008DB4000034
:10570400F01B0020CFA7000028A800003DA800003F
:10571400CC1B0020FCA7000013A80000F8B5054628
:10572400EFF3058363B15549D723554A554803F030
:10573400C7F9554803F0C4F9D721514803F0B7F924
:105744008368002B00F09380504A9268934240F0A3
:105754009180C3683BB94E49EF23494A494803F055
:10576400AFF9EF21E9E7012B03D0013BC36000202F
:10577400F8BDEFF31187202484F31288BFF36F8FF1
:10578400444801F089FD60B98823434A43493D48B0
:1057940003F096F93F49424803F092F988213E48C4
:1057A400CCE73C4801F09CFD2969A86803F0A5FCFE
:1057B400EFF3118384F31288BFF36F8F83F311889F
:1057C400BFF36F8F5BB93749B023374A2D4803F0D5
:1057D40077F9364803F074F9B0213348AEE72C6802
:1057E400A54215D100232B48C5E9023301F062FD1F
:1057F400002837D140F23113274A2D49214803F0BC
:105804005FF924492B4803F05BF940F23111C6E7F4
:10581400002CE7D0A3683BB927499923224A1948A9
:1058240003F04EF99921D8E70026D4E90032136039
:105834005A60637BC4E9006623F002036373A660C5
:1058440004F1180001F0D6FEAC6094F90E30204645
:105854002B61C4F8AC6000F0C5FD39460D4800F07A
:10586400FFFF84E787F31188BFF36F8F7FE76FF043
:1058740015007DE74FF0FF307AE700BF7BB40000EE
:1058840059B40000599C00008DB40000CC1B0020CA
:10589400B2B40000F01B0020CFA7000028A800002D
:1058A4003DA80000DEB30000B3B30000F6B300006F
:1058B400FCA7000013A80000F9B3000008B5836832
:1058C4004BB90B490B4899230B4A03F0F9F899217A
:1058D400094803F0ECF8D0E9003213605A60002361
:1058E400427BC0E9003322F002024273836008BDA8
:1058F400F9B30000599C0000B3B300002DE9F04750
:1059040004460D4691469A469DF8206000F108072A
:10591400EFF31188202383F31288BFF36F8F384687
:1059240001F0BAFC60B988234A4A4B494B4803F05A
:10593400C7F839464A4803F0C3F8882145481BE0B4
:10594400384601F0CDFC06B16568EFF311832022DF
:1059540082F31288BFF36F8F83F31188BFF36F8FC5
:1059640063B94049B023404A3C4803F0A9F83F4892
:1059740003F0A6F8B0213C4803F099F8234653F805
:105984000C6F9E4216D0AEB100243046FFF796FF4E
:1059940006F1180001F02EFE3046C6F8AC40C6F8F9
:1059A400109000F01FFD4146384600F059FF204694
:1059B400BDE8F087BAF1000F14D0082002F014F803
:1059C40000283FD00122C0F804900260016801F071
:1059D40003015DB922680A430260626820606AB903
:1059E40060600BE04846C9F800A0EFE72A68032A84
:1059F4001DD801606168A1B9C4E9000000243846DB
:105A040001F058FC08BB40F23113124A18491348FC
:105A140003F056F83946174803F052F840F23111B2
:105A24008CE70A6802F0030202430A60D8E722F016
:105A340003020A4302602A6802F0030240EA0203F6
:105A44002B60DBE76FF00B04D9E788F31188BFF311
:105A54006F8FACE7CFA7000028A80000599C000076
:105A64003DA80000DEB30000B3B30000F6B30000AD
:105A7400FCA7000013A800002DE9F7430646904652
:105A84001F4600F10805EFF31189202383F31288E0
:105A9400BFF36F8F284601F0FFFB68B98823254ABE
:105AA4002549264803F00CF82946254803F008F850
:105AB4008821204802F0FBFF284601F011FC3468DD
:105AC400FCB12368726823F00303944220464FF02C
:105AD4000101336008BF736003F01EFB04462846CF
:105AE40001F0E8FBE8B940F23113124A15491348B2
:105AF40002F0E6FF2946144802F0E2FF40F23111B9
:105B0400D7E758EA0703EAD049462846CDE9008793
:105B140006F10C0200F048FD38B90C4B9B681C6977
:105B240003E089F31188BFF36F8F204603B0BDE80B
:105B3400F08300BFCFA7000028A80000599C0000F4
:105B44003DA80000FCA7000013A80000CC1B002007
:105B540008B583684BB90B490B4899230B4A02F0EB
:105B6400AFFF9921094802F0A2FFD0E90032136087
:105B74005A600023427BC0E9003322F002024273E0
:105B8400836008BDF9B30000599C0000B3B3000062
:105B940070B50446EFF31186202585F31288BFF310
:105BA4006F8F304801F078FB60B988232E4A2F4963
:105BB4002F4802F085FF2B492E4802F081FF8821EF
:105BC400294818E0274801F08BFBEFF3118385F394
:105BD4001288BFF36F8F83F31188BFF36F8F63B99C
:105BE4002549B023254A224802F06AFF244802F0DE
:105BF40067FFB021214802F05AFF2568AC4213D058
:105C040095B12846FFF7A4FF05F1180001F0F2FC56
:105C140000232846C5F8AC3000F0E4FB3146BDE86B
:105C24007040104800F01CBED4E902329A4218BFFA
:105C340001330C48A36001F03DFB68B940F2311315
:105C4400094A10490A4802F03BFF06490E4802F08F
:105C540037FF40F23111B3E786F31188BFF36F8F3A
:105C640070BD00BFF41B0020CFA7000028A80000CF
:105C7400599C00003DA80000DEB30000B3B300004F
:105C8400F6B30000FCA7000013A80000F7B5044613
:105C940016461D46EFF305837BB152EA05030CD08B
:105CA4002D4988232D4A2E4802F00AFF2D4802F080
:105CB40007FF8821294802F0FAFEEFF31187202319
:105CC40083F31288BFF36F8F274801F0E5FA60B9B8
:105CD4008823264A2649224802F0F2FE2249254812
:105CE40002F0EEFE88212148E5E71F4801F0F8FAAA
:105CF400A368D3B1013B1C48A36001F0DBFA68B987
:105D040040F23113194A1C49154802F0D9FE1649CC
:105D14001A4802F0D5FE40F23111E4E787F3118806
:105D2400BFF36F8F002003B0F0BD56EA05030BD11B
:105D34000D4801F0BFFA0028E2D087F31188BFF3C1
:105D44006F8F6FF00F00EEE722463946CDE900650C
:105D5400054800F029FCE6E7E9B40000C9B40000F6
:105D6400599C0000F6B30000F41B0020CFA70000EC
:105D740028A800003DA80000FCA7000013A800000C
:105D840008B583684BB90B490B4899230B4A02F0B9
:105D940097FE9921094802F08AFED0E90032136087
:105DA4005A600023427BC0E9003322F002024273AE
:105DB400836008BDF9B30000599C0000B3B3000030
:105DC4002DE9F8430546EFF31188202787F312885D
:105DD400BFF36F8F3B4801F05FFA60B988233A4AFA
:105DE4003A493B4802F06CFE36493A4802F068FEF4
:105DF4008821354818E0334801F072FAEFF3118333
:105E040087F31288BFF36F8F83F31188BFF36F8F0B
:105E140063B93149B023314A2D4802F051FE30486C
:105E240002F04EFEB0212D4802F041FE2C68A5423E
:105E340034D09CB300262046FFF7A2FF04F11800DB
:105E440001F0D8FBB1462046C4F8AC9000F0CAFA81
:105E54000136EFF3118387F31288BFF36F8F83F357
:105E64001188BFF36F8F002BD3D02C68A54210D0BC
:105E74007CB12046FFF784FF04F1180001F0BAFB5F
:105E8400E1E788F31188BFF36F8F00263046BDE841
:105E9400F88341460B4800F0E3FCF7E7094801F0BA
:105EA40009FA0028EDD140F23113074A0D49084898
:105EB40002F006FE03490C4802F002FE40F23111E2
:105EC40097E700BFF81B0020CFA7000028A8000018
:105ED400599C00003DA80000DEB30000B3B30000ED
:105EE400F6B30000FCA7000013A800002DE9F3415D
:105EF40005460C4617461E46EFF31188202383F30C
:105F04001288BFF36F8F154801F0C6F968B988236A
:105F1400134A1449144802F0D3FD1049134802F0FF
:105F2400CFFD88210E4802F0C2FD0C4801F0D8F9DB
:105F34002046FFF7F3FB2A464146CDE900760748A1
:105F440000F032FB05464FF0FF324FF0FF3320469E
:105F5400FFF714FB284602B0BDE8F081F81B0020CF
:105F6400CFA7000028A80000599C00003DA800000D
:105F74002DE9F04F85B0119E04460F2E0F46994629
:105F8400DDF838B0DDF84C804CD14C498B424DD112
:105F940004F15801C4E91611129900252173042152
:105FA400A673D61D26F0070607EB060A6173204682
:105FB4005146C4E90655A560E573FBF7AFFE109B97
:105FC400073020F00700C4E92576C4F89C0002934A
:105FD4000F9BAAEB0006CDE900B332464B46394687
:105FE4002046FCF7A5F90F9BC4E9189BA366109BF8
:105FF4006565E366EFF31189202383F31288BFF309
:106004006F8F2F4801F048F918BB88232D4A2E4979
:106014002E4802F055FD2A492D4802F051FD8821F1
:10602400284814E006F110011E29B1D940F20523D5
:10603400284A2949254802F043FD314627486FF094
:106044000F030E2202F03CFD40F20521214802F02C
:106054002EFD234F1A4801F043F93B6A1848236781
:106064003C6201F027F968B940F23113154A1D4921
:10607400164802F025FD12491B4802F021FD40F2AA
:106084003111CDE789F31188BFF36F8FB8F1000F99
:1060940011D01F22414604F1740003F0ECF884F897
:1060A4009350BB680BB1D3F8A0303046C4F8A0308D
:1060B40005B0BDE8F08F84F87480F2E7395500002C
:1060C400081C0020CFA7000028A80000599C00004D
:1060D4003DA8000037B500005AB50000DAB500004D
:1060E400CC1B0020FCA7000013A8000040F2011301
:1060F4008381002310B50446C0E9253301F06EFC0A
:10610400014B9C6010BD00BFCC1B00206FF00A0146
:10611400094A9368C3F8AC100849C3F8A8004B684F
:1061240043F080534B60002383F31188BFF36F8FD8
:106134009368D3F8AC007047CC1B002000ED00E05E
:1061440038B590F90D200146002A437B11DA03F09B
:106154007F0343731B4B984209D11B491B485623A9
:106164001B4A02F0ADFC5621194802F0A0FC02F0D3
:10617400F0FF184D2A4652F8184FAB68944200D0ED
:1061840004B9EC688B4214D05BB91349D523134A84
:106194000E4802F095FC124802F092FCD5210F48FB
:1061A400E3E75A7BD20604D1DA897F2A01D9A269AE
:1061B4002AB1A34202D0204600F0E2FF23466B61DD
:1061C40038BD00BF480600202DB60000599C0000D1
:1061D4000BB60000CC1B00207AB600004EB60000BF
:1061E400F6B3000008B583684BB9094909489923F7
:1061F400094A02F065FC9921074802F058FC02F0B4
:10620400A8FF437B23F0020343730023836008BD8C
:10621400F9B30000599C0000B3B3000070B590F9C5
:106224000D20437B002A50DBD9064ED163F07F0357
:106234004373274B984209D1264927484F23274ABD
:1062440002F03EFC4F21254802F031FC244C22464A
:1062540052F8183FE169934207D1C0E90021086070
:10626400E06111E09942F8D01B68002BF5D090F959
:106274000E5093F90E60B542F4D0AE42F2DD596887
:10628400C0E9003108605860A569954200D005B99D
:10629400E568A3685BB91349D523134A0E4802F095
:1062A4000FFC124802F00CFCD5210F48CCE75A7BB6
:1062B400D20604D1DA897F2A01D9AA6932B1AB4264
:1062C40002D0284600F05CFF656170BD6361FCE7A5
:1062D400480600202DB60000599C00000BB60000B3
:1062E400CC1B00207AB600004EB60000F6B30000C6
:1062F40070B590F90D200146002A437B314C10DA29
:1063040003F07F03A042437309D12F4956232F4A38
:106314002F4802F0D5FB56212C4802F0C8FB02F0AE
:1063240018FF4B7BA14263F07F034B7307D12649CF
:106334004F23264A264802F0C3FB4F21ECE7254CA5
:10634400224652F8183FE069934207D1C1E9002080
:106354000160E16111E09842F8D01B68002BF5D090
:1063640091F90E5093F90E60B542F4D0AE42F2DDCD
:106374005868C1E9003001605960A569A368954275
:1063840000D005B9E5688B4214D05BB91249D52316
:10639400124A0F4802F094FB114802F091FBD521F8
:1063A4000E48BAE75A7BD20604D1DA897F2A01D98A
:1063B400AA692AB1AB4202D0284600F0E1FE2B467E
:1063C400636170BD480600202DB600000BB60000C6
:1063D400599C0000CC1B00207AB600004EB6000089
:1063E400F6B3000038B50446EFF31185202383F398
:1063F4001288BFF36F8F174800F04EFF68B98823E7
:10640400154A1649164802F05BFB1249154802F07A
:1064140057FB8821104802F04AFB0E4800F060FF49
:106424002046FFF7FBFE0B4800F044FF68B940F23A
:106434003113094A0C490A4802F042FB05490B484A
:1064440002F03EFB40F23111E4E785F31188BFF31B
:106454006F8F38BDFC1B0020CFA7000028A80000C8
:10646400599C00003DA80000FCA7000013A80000F0
:1064740038B50446EFF31185202383F31288BFF364
:106484006F8F184800F008FF68B98823164A174927
:10649400174802F015FB1349164802F011FB882136
:1064A400114802F004FB0F4800F01AFFA36813B16F
:1064B4002046FFF797FE0B4800F0FCFE68B940F257
:1064C4003113094A0C490A4802F0FAFA05490B4803
:1064D40002F0F6FA40F23111E2E785F31188BFF3D6
:1064E4006F8F38BDFC1B0020CFA7000028A8000038
:1064F400599C00003DA80000FCA7000013A8000060
:1065040038B50446EFF31185202383F31288BFF3D3
:106514006F8F1E4800F0C0FE68B988231C4A1D49CD
:106524001D4802F0CDFA19491C4802F0C9FA882125
:10653400174802F0BCFA154800F0D2FE637B13F052
:10654400280F0BD1A36813B12046FFF74BFE637BE2
:10655400204623F004036373FFF760FE0B4800F04A
:10656400A9FE68B940F23113094A0D490A4802F0FC
:10657400A7FA06490B4802F0A3FA40F23111D7E713
:1065840085F31188BFF36F8F38BD00BFFC1B00205B
:10659400CFA7000028A80000599C00003DA80000D7
:1065A400FCA7000013A800002DE9F047DFF8D4A0F1
:1065B400354D1746DDE90898DAF80820334BA84230
:1065C40004460E461A600BD13149324840F2722318
:1065D400314A02F075FA40F272212F4802F067FA4C
:1065E400EFF31183202383F31288BFF36F8F2846C0
:1065F40000F052FE60B98823284A2949254802F050
:106604005FFA2946274802F05BFA88212348E5E728
:10661400284600F065FEDAF808503946284602F0AC
:10662400A0FDB8F1FF3F08BFB9F1FF3F06D04A46CD
:1066340043461D4905F1180000F0F8FE204600F01D
:1066440039FE68B9194940F26B13144A114802F033
:1066540037FA2146164802F033FA40F26B11D5E7B7
:10666400094800F027FE40B9104940F26B130B4A69
:10667400084802F025FA0449ECE73046BDE8F04743
:10668400FFF744BDCC1B0020FC1B0020001C002095
:10669400A1B60000599C00000BB60000CFA7000073
:1066A40028A800003DA80000B7910000FCA7000046
:1066B40013A800002DE9F04104460D46EFF31187BD
:1066C400202383F31288BFF36F8F584800F0E4FD52
:1066D40060B98823564A5749574802F0F1F953499B
:1066E400564802F0EDF98821514818E04F4800F06F
:1066F400F7FD637B03F01F02002A0CBF012600266E
:106704005DD103F07F0363734D4B9C4209D14D4926
:10671400494856234C4A02F0D3F956214A4802F01C
:10672400C6F9DFF82881204602F013FD4246637B58
:106734006DB263F07F03A573637352F8183F9342FD
:106744003AD1D8F81C10C4E900210C60C8F81C40E8
:106754000FE09942F7D01B68002BF4D093F90E0098
:106764008542F6D0A842F4DD5968C4E900310C60D2
:106774005C60D8F81840944200D00CB9D8F80C40AA
:10678400D8F808309C4202D0204600F0F9FCC8F842
:106794001440264800F08EFD00283FD140F231130A
:1067A400234A2B49244802F08BF92049294802F056
:1067B40087F940F2311197E7D8F81C10CCE79B0712
:1067C4002AD5A16841B924491B489923234A02F0D8
:1067D40077F999212148A2E720466DB202F0B9FC6D
:1067E400A5730B68994209D14B68C4E900131C6076
:1067F4004C60CEE74A689342F6D01B68002BF3D076
:1068040093F90E209542F5D0AA42F3DD5A68C4E903
:10681400003214605C60BCE7A573BAE787F31188A3
:10682400BFF36F8F3046BDE8F08100BFFC1B002032
:10683400CFA7000028A80000599C00003DA8000034
:10684400480600202DB600000BB60000CC1B00202B
:10685400FCA7000013A80000F9B30000B3B30000C4
:1068640070B504460D46F9B9EFF30586E6B91A4B3F
:106874005A699B689A4217D000F01CFD78B940F21F
:106884006B13164A1649174802F01AF9214616489E
:1068940002F016F940F26B11104802F008F9304684
:1068A400BDE87040FFF732BC204600F003FD68B934
:1068B40040F23113094A0A490A4802F001F9214613
:1068C400094802F0FDF840F23111E5E785F311883B
:1068D400BFF36F8F70BD00BFCC1B0020CFA700009B
:1068E400FCA70000599C000013A80000034648B907
:1068F400EFF3058232B9064A51699268914201D098
:10690400FFF704BC83F31188BFF36F8F704700BF98
:10691400CC1B002010B5EFF31184202383F31288DD
:10692400BFF36F8F264800F0B7FC60B98823254A6F
:106934002549264802F0C4F82149254802F0C0F848
:106944008821204810E01E4800F0CAFCEFF30583BC
:1069540063B120498F23204A1C4802F0B1F81F4834
:1069640002F0AEF88F211C4802F0A1F81C4B9A6883
:10697400D37B012B0AD11B499023174A134802F0F9
:106984009FF8164802F09CF89021ECE7013BD37382
:106994000B4800F08FFC68B940F23113094A1249E0
:1069A4000A4802F08DF80649104802F089F840F2CE
:1069B4003111C6E784F31188BFF36F8F10BD00BF98
:1069C400FC1B0020CFA7000028A80000599C000051
:1069D4003DA800007BB40000B3B30000F6B3000090
:1069E400CC1B0020DAB60000FCA7000013A80000AE
:1069F40070B5EFF31186202383F31288BFF36F8FF2
:106A0400374800F049FC60B98823364A364937488C
:106A140002F056F83249364802F052F888213148DB
:106A240013E0344D2E4800F05BFCAB68DA7B72B99E
:106A3400314940F20D33314A2C4802F041F83048D4
:106A440002F03EF840F20D312C4802F030F8EFF33A
:106A5400058161B12B4940F20E33284A234802F0E4
:106A64002FF8274802F02CF840F20E31ECE70132FF
:106A7400DA732A4652F8184F944200D004B9EC68ED
:106A84005A7BD20604D1DA897F2A01D9A2692AB1B4
:106A9400A34202D0204600F073FB234610486B61EA
:106AA40000F008FC68B940F231130E4A16490F4849
:106AB40002F006F80A49154802F002F840F23111D2
:106AC400ADE786F31188BFF36F8FEFF311802023B6
:106AD40083F31288BFF36F8FBDE87040FFF706BFE2
:106AE400FC1B0020CFA7000028A80000599C000030
:106AF4003DA80000CC1B00200BB700000BB6000023
:106B0400F6B300007BB40000FCA7000013A800004B
:106B1400024B03F11802C3E906227047CC1B002084
:106B240070B5EFF3058373B1394940F22443394A10
:106B3400394801F0C5FF394801F0C2FF40F2244151
:106B4400344801F0B4FFEFF31186202383F3128855
:106B5400BFF36F8F324800F09FFB60B98823314A3E
:106B640031492D4801F0ACFF2D49304801F0A8FF10
:106B740088212C48E5E72E4C294800F0B1FBA16898
:106B8400E0690B68814214BF1A46002249680B6011
:106B94005960A368E1692AB9264AC3E900210B6058
:106BA400E3610CE093F90E0092F90E50A84225D04F
:106BB400854223DD5168C3E900210B605360A56958
:106BC4001C4B9D4200D005B9E568A3689D4202D0E4
:106BD400284600F0D5FA1248656100F06BFB88B9CD
:106BE40040F26B130F4A14490B4801F069FF0C493A
:106BF400124801F065FF40F26B11BAE78A42CBD02C
:106C04001268C8E73046BDE87040FFF77FBA00BF9E
:106C14007BB400000BB60000599C0000F6B30000E2
:106C2400FC1B0020CFA7000028A800003DA80000FE
:106C3400CC1B0020E41B0020FCA7000013A80000CC
:106C44002DE9F04106460C46EFF3058777B1344948
:106C540040F23C43334A344801F032FF334801F0F8
:106C64002FFF40F23C412F4801F021FF50EA01037D
:106C740004D1FFF755FF0020BDE8F081EFF3118840
:106C8400202383F31288BFF36F8F294800F004FB9D
:106C940060B98823274A2849234801F011FF244971
:106CA400264801F00DFF88212248DDE7244D2048C5
:106CB40000F016FBA868234B1860FFF741FAA86898
:106CC400234632462049183000F0B0FBAA68044637
:106CD400537B174843F00403537300F0EBFA68B98D
:106CE40040F26B13134A19490F4801F0E9FE1049A9
:106CF400174801F0E5FE40F26B11D5E74046FFF777
:106D040005FAAB68D3E90A23B3F1004F08BFBA42CE
:106D1400B1D102F086FA201A20EAE070ACE700BF95
:106D24007BB400000BB60000599C0000F6B30000D1
:106D3400FC1B0020CFA7000028A800003DA80000ED
:106D4400CC1B0020001C0020B7910000FCA7000011
:106D540013A8000070B504460E46EFF3058575B11F
:106D64001A4940F266431A4A1A4801F0A9FE1A4821
:106D740001F0A6FE40F26641154801F098FEFFF7C7
:106D84005FFFB6F1FF3F08BFB4F1FF3F0246204664
:106D940016D047F6FF704FF47A7403462946C2FBB7
:106DA4000431B3F5004F71F100020AD36FF40042CD
:106DB4009A4243F6FF728A4105D3D80B40EA414018
:106DC40070BD2846FCE76FF00040F9E77BB4000093
:106DD4000BB60000599C0000F6B3000038B5044619
:106DE400EFF31185202383F31288BFF36F8F2048BC
:106DF40000F052FA68B988231E4A1F491F4801F05F
:106E04005FFE1B491E4801F05BFE8821194801F012
:106E14004EFE174800F064FA637B5B0710D504F15B
:106E2400180000F0E7FB637B204623F00403637340
:106E3400FFF7F4F92946BDE838400D48FFF710BDC7
:106E44000B4800F037FA68B940F23113094A0D498A
:106E54000A4801F035FE06490B4801F031FE40F2C4
:106E64003111D3E785F31188BFF36F8F38BD00BFAD
:106E7400FC1B0020CFA7000028A80000599C00009C
:106E84003DA80000FCA7000013A80000014B98686F
:106E9400704700BFCC1B00202DE9F8430446077B54
:106EA400EFF31185202383F31288BFF36F8F7D489E
:106EB40000F0F2F968B988237B4A7C497C4801F0E8
:106EC400FFFD78497B4801F0FBFD8821764801F0FD
:106ED400EEFD744800F004FA637B190717D5714876
:106EE40000F0E8F968B940F231136F4A724970480A
:106EF40001F0E6FD6B49714801F0E2FD40F2311109
:106F0400E4E785F31188BFF36F8FBDE8F883D909EF
:106F140043F0080240F083806273A36813B12046F3
:106F2400FFF760F904F1180000F064FBA66D04F1AA
:106F34005808B04511D04FF0000976B13046FFF73C
:106F440051F906F1180000F055FB3046C6F8AC9034
:106F5400FFF764F9A66DB045EFD1DFF86481D8F886
:106F640008309C4270D1EFF30589B9F1000918BFCC
:106F74004FF00109D8F81860524A964200D00EB971
:106F8400D8F80C60B34202D0304600F0F9F820463D
:106F9400C8F8146000F0ACF9B9F1000F02D04A4807
:106FA400FFF7A4F8D8F808309C4260D1EFF30586C7
:106FB400002E5CD1237BDA071FD53A4800F07AF91A
:106FC400002890D085F31188BFF36F8F86F3118862
:106FD400BFF36F8F0423184602DFEFF311852023DC
:106FE40083F31288BFF36F8F2E4800F055F9002801
:106FF4003FF461AF2B4800F073F92A4800F05AF9C6
:1070040028BB40F26B13284A2B49294801F058FD4C
:1070140024492A4801F054FD40F26B1156E703F06D
:107024007F0343F008036373284B9C4208D128492B
:107034005623284A1E4801F043FD5621254846E7B9
:10704400204602F086F868E74FF0000992E72846E8
:10705400FFF75CF820494FF4DD731E4A144801F031
:107064002FFD1E4801F02CFD4FF4DD71E6E70D48BD
:1070740000F020F900283FF436AF85F31188BFF300
:107084006F8FFB077FF541AF40F23D53114A14491E
:10709400074801F015FD2146124801F011FD40F2A8
:1070A4003D51CBE7FC1B0020CFA7000028A800001F
:1070B400599C00003DA80000FCA7000013A8000094
:1070C400CC1B0020E41B0020A80700204806002059
:1070D4002DB600000BB600003CB7000047B7000017
:1070E40069B7000074B7000008B568B10F4B984247
:1070F4000AD303F11802904206D21822C01AB0FB38
:10710400F2F302FB13034BB109490A4838230A4A34
:1071140001F0D6FC3821084801F0C9FC0122074BD4
:10712400C0105843064B1A5408BD00BF580800202D
:10713400BAB70000599C000092B70000ABAAAAAAF3
:10714400F71D0020C3897F2B12D80A4B1B6863B13B
:10715400094B90F90E201B689A4209DB437BDB063E
:1071640006D1064BC31A18BF012303F00100704770
:107174000023FAE754000020041C002048060020E5
:1071840070B50E4B0E4C1E7C054606EB460304EB15
:10719400C304204600F02EFA00220A4B28469A55D2
:1071A400FFF7D0FF48B1084B2046BDE870401A688D
:1071B4000649013AD31700F039B970BDCC1B002041
:1071C40058080020F71D002054000020ED70000036
:1071D40038B5EFF31185202383F31288BFF36F8F43
:1071E400234800F059F868B98823224A22492348E1
:1071F40001F066FC1E49224801F062FC88211D480A
:1072040001F055FC1A4800F06BF81E4B1E4A9C68AE
:107214001068A04213D1FFF7B3FF154800F04AF8F5
:1072240008BB40F23113134A1849144801F048FCD2
:107234000F49174801F044FC40F23111DFE7002107
:107244001B7C1160134AD35C002BE6D02046FFF769
:1072540079FF0028E1D0637BDB0602D12046FFF7EB
:1072640047F82046D7E785F31188BFF36F8F38BD01
:10727400FC1B0020CFA7000028A80000599C000098
:107284003DA80000CC1B0020001C0020FCA700002F
:1072940013A80000F71D0020006838B1044B00F06B
:1072A40003001B7CC01A18BF0120704701207047DF
:1072B400CC1B0020002302680360EFF30581074B19
:1072C40019B19968497BC90706D4197C98680843A1
:1072D400831A58425841704701207047CC1B002044
:1072E400024B1A7C9B68134303607047CC1B00203D
:1072F40038B50446EFF31185202383F31288BFF3D6
:107304006F8F1D48FFF7C8FF68B988231B4A1C49C3
:107314001C4801F0D5FB18491B4801F0D1FB88211A
:10732400164801F0C4FB1448FFF7DAFF174A136A42
:10733400A34214D11B6F13620F48FFF7BBFFB0B910
:1073440040F231130D4A12490E4801F0B9FB0A49C3
:10735400104801F0B5FB40F23111E1E71346002B70
:10736400EAD01A6FA242F9D1226F1A67E4E785F3D3
:107374001188BFF36F8F38BD081C0020CFA7000011
:1073840028A80000599C00003DA80000CC1B002048
:10739400FCA7000013A80000074808B5074A0849DD
:1073A400121A01F07FFEBDE808400648064A074964
:1073B400121A01F077BE00BF000000200002002076
:1073C40060BB0000000000200000002060BB000043
:1073D400024B1868984208BF0020704758000020EC
:1073E400034B1B680BB9FCF781BD0020704700BF3D
:1073F4000C1C002030B570B10B4B5B6898420AD06E
:10740400036843B1D3E90421D0E90445121941EBDF
:107414000501C3E90421D0E9003213605A60002356
:10742400C0E9003330BD00BF58000020B3F1FF3F76
:1074340008BFB2F1FF3F2DE9F74F044690469B4643
:1074440015461F4600F0B880D0F80090B9F1000F3F
:107454000CD05B4972235B4A5B4801F031FB5B480B
:1074640001F02EFB7221574801F021FB8160EFF3FC
:1074740011830193202383F31288BFF36F8F544841
:10748400FFF70AFF824660B98823524A52494E48A0
:1074940001F016FB4E49514801F012FB88214D487A
:1074A400E2E74B48FFF71CFFB8F1FF3F7BF1FF33E6
:1074B4004B4A1FDBFFF794FF064601354BF1000BE7
:1074C400474A2D184BEBE073D2E90017C4E9045383
:1074D4006D1843EB0707FFF77BFF0346DFF804E172
:1074E400DEF80490F3B9C4E900E9C9F80040CEF825
:1074F400044029E06FF00103D2E900125B1A4FF057
:10750400FF3161EB0202B3EB080362EB0B02012BC8
:1075140072F10001BCBF01234A464FF0000AC4E9DE
:107524000432D8E7D3E9041CD4E904208A4270EB7E
:107534000C0B2EDA891A5A686CEB0000C3E90410AC
:10754400C4E9003214605C60FFF742FF84420ED14C
:10755400254B1B685BB9BAF1000F02D1FFF740FF5E
:107564000646304601F046FE0021FCF799FC184817
:10757400FFF7A0FEB0B940F23113164A1B49124876
:1075840001F09EFA12491A4801F09AFA40F23111B8
:1075940085E7521A60EB0C009945C4E90420A2D097
:1075A4001B689FE7019B83F31188BFF36F8F284605
:1075B400394603B0BDE8F08F00252F46F7E700BF3A
:1075C400EBB90000C7B90000599C0000F6B30000F5
:1075D400101C0020CFA7000028A800003DA8000030
:1075E40070080020580000200C1C0020FCA700009C
:1075F40013A8000070B50446EFF31186202383F32B
:107604001288BFF36F8F2348FFF746FE68B98823BB
:10761400214A2249224801F053FA1E49214801F027
:107624004FFA88211C4801F042FA1A48FFF758FE25
:10763400236833B3FFF7CCFE05462046FFF7DAFE96
:1076440000224FF00043A542C4E9042306D1FFF70A
:10765400C7FE01F0CFFD0021FCF722FC00240D48F9
:10766400FFF728FE80B940F231130B4A0E490C484B
:1076740001F026FA07490D4801F022FA40F23111CF
:10768400D0E76FF01504EAE786F31188BFF36F8F34
:10769400204670BD101C0020CFA7000028A80000C1
:1076A400599C00003DA80000FCA7000013A800009E
:1076B4002DE9F0470446EFF31188202383F3128861
:1076C400BFF36F8F4348FFF7E7FD68B98823424A49
:1076D4004249434801F0F4F93E49424801F0F0F9C7
:1076E40088213D4801F0E3F9DFF8FC903948FFF7C1
:1076F400F7FDC9F80040FFF76BFE0026044600279B
:10770400DFF8E8A0D9F80030DAE900C0D91754B19D
:10771400D4E90452AB4271EB020E1FDAED1A62EBAC
:107724000102C4E90452002413EB0C0340EB0101F1
:107734002046CAE90031C9F8004001F05BFD21464A
:10774400FCF7AEFB2348FFF7B5FDB0B188F3118811
:10775400BFF36F8FBDE8F047FFF73ABD15EB0C039D
:1077640040EBE570CAE90030C4E904672046FFF73E
:1077740041FE1848FFF79EFD68B940F23113164ADE
:107784001B49174801F09CF912491A4801F098F96D
:1077940040F23111A5E788F31188BFF36F8F2046BB
:1077A400A3689847EFF31188202383F31288BFF36B
:1077B4006F8F0848FFF770FD002887D00548FFF752
:1077C4008FFDD9F800305B1BC9F80030FFF700FECD
:1077D400044697E7101C0020CFA7000028A800004B
:1077E400599C00003DA800000C1C002070080020DB
:1077F400FCA7000013A8000070B5EFF31186202346
:1078040083F31288BFF36F8F1A48FFF745FD68B9F9
:107814008823194A19491A4801F052F91549194897
:1078240001F04EF98821144801F041F91148FFF79D
:1078340057FDFFF7D5FD144AD2E90045041945EB7D
:10784400E0750C48FFF736FD68B940F231130A4A77
:107854000E490B4801F034F906490D4801F030F99E
:1078640040F23111DFE786F31188BFF36F8F2046B2
:10787400294670BD101C0020CFA7000028A80000D6
:10788400599C00003DA8000070080020FCA70000DF
:1078940013A800002DE9F84F4F1E0F4206460D466F
:1078A4009A460BD02F4917232F4A304801F008F984
:1078B4002F4801F005F917212B481CE0141D4DD267
:1078C40041F0040B00F11408EFF31189202383F332
:1078D4001288BFF36F8F4046FFF7DEFC68B9882338
:1078E400244A2549214801F0EBF84146234801F098
:1078F400E7F888211F4801F0DAF84046FFF7F0FC6A
:10790400224659463046D04704464046FFF7D2FC4B
:1079140068B940F23113174A1949144801F0D0F8F4
:107924004146184801F0CCF840F23111E2E789F3FE
:107934001188BFF36F8F8CB144F8046B7DB13C4266
:107944000DD03423084A1049084801F0B9F82146FB
:107954002A460E4801F0B4F83421ADE7002420464D
:10796400BDE8F88F2FBA00000BBA0000599C000044
:107974004ABA0000CFA7000028A800003DA80000D4
:10798400FCA7000013A8000067BA000099BA000021
:107994002DE9F04105460E46174601F0D4FB30B9F7
:1079A400074B9B68D3F8A04014B9BDE8F081054C9F
:1079B4003B46324629462046BDE8F041FFF76ABF00
:1079C400CC1B0020D000002002460021014B0248BD
:1079D400FFF760BF8F8A0000D0000020014BC0F881
:1079E400A0307047D00000200146024A0020FFF773
:1079F400CFBF00BF8F8A000038B50D4C0D4DAC428F
:107A040013D90D491A230D4A0D4801F059F80D48B0
:107A140001F056F81A21094801F049F82046D4E942
:107A2400011201F009FC1834E9E7F7D3002038BD4E
:107A3400D0000020E800002029BB0000C1BA0000EB
:107A4400599C0000CDB10000F8B505460E4600F182
:107A54001404EFF31187202383F31288BFF36F8F8D
:107A64002046FFF719FC68B988231B4A1B491C48A8
:107A740001F026F821461B4801F022F88821164817
:107A840001F015F82046FFF72BFC28463146F9F79C
:107A940049FC05F10C0001F09AFB28B13946204657
:107AA400BDE8F840FEF7DCBE2046FFF703FC68B9EA
:107AB40040F23113084A0C49094801F001F8214603
:107AC4000A4800F0FDFF40F23111D8E787F311882E
:107AD400BFF36F8FF8BD00BFCFA7000028A8000038
:107AE400599C00003DA80000FCA7000013A800005A
:107AF40010B50A4C23681BB101232360002010BD7C
:107B040000F0F4F80028F7D00138072803D8044B14
:107B140053F8200010BD034810BD00BF141C002002
:107B2400509B0000FE8FFFFFBFF34F8F0549064BAC
:107B3400CA6802F4E0621343CB60BFF34F8F00BF07
:107B4400FDE700BF00ED00E00400FA0530B44FF09B
:107B5400FE3200250B4B0C4C0C494968C3F8002439
:107B6400C3F80424C3F80824C3F80C24C3F810246D
:107B7400C3F81424C3F81824C3F81C24C4F800550B
:107B840030BC0847005084500040845060000020FE
:107B9400024BD0E90012C3E90012704760000020D4
:107BA40010B5044650B1636813F0685F05D0064A07
:107BB400934202D000236260236010BD034B04484B
:107BC4005B689847EFE700BF2C5F5CA9600000206A
:107BD400709B0000C8B143680D4A934213D013F060
:107BE400685F0ED0012350E8002F194640E8001CBE
:107BF4009CF0000FF7D1012AF5D0BFF35F8F00206E
:107C0400704704487047044870476FF4E040704779
:107C14002C5F5CA9E98FFFFFEA8FFFFF034680B169
:107C2400426809498A420AD012F0685F05D0BFF35E
:107C34005F8F002210461A6070470448704704485A
:107C440070476FF4E04070472C5F5CA9E98FFFFF39
:107C5400EA8FFFFF10B5044620B10023034A2360D6
:107C6400626010BD0248FFF771FFF6E73A00003A80
:107C7400989B000070B5194CD0F804C00668C4F88D
:107C840004C0D0F808C0C068C4F808C0E06026602A
:107C94000868134B134D18604868D5F818215860CC
:107CA400886812F0685F9860C8680969D8601961CB
:107CB40012D000230C4A05F58A70C5F81431C5F8B2
:107CC400B831C5F81821C5F8BC21B047236805F5BB
:107CD400DC70BDE87040184770BD00BF7C00002018
:107CE400680000202C1C00202C5F5CA908B500F063
:107CF40011F830B900F010F838B9054AC2F80C0A86
:107D040008BD00F037F8032008BD042008BD00BFFB
:107D1400005084500020704710B5114800F048F816
:107D240000B110BD0F4800F043F80028F9D10E4C03
:107D3400204600F03DF80028F3D10C4B0C481C60A1
:107D440000F036F801460028EBD100F02DF8044687
:107D540008B1204610BD00F03FF82046FAE700BF06
:107D6400BC000020B8000020B4000020AC000020BB
:107D7400B000002008B5084800F024F8074800F0D7
:107D840021F8074800F01EF8064800F01BF8BDE88B
:107D9400084000F00BB800BFBC000020B800002071
:107DA400B4000020B000002000207047704700BFDE
:107DB40008B5034B02681B6810689847002008BD8B
:107DC4007C00002008B5034B02685B681068984784
:107DD400002008BD7C00002070B5094C094D2069C5
:107DE400AB68984718B1084B08485B68984700216E
:107DF400074AEB6811602069BDE87040184700BF6E
:107E0400680000207C00002060000020BC9B000073
:107E1400281C00200EB470B589B005461C22002130
:107E24000DAC01A854F8046B01F01DFA012301A85C
:107E3400224631468DF80630054B05950393009490
:107E440000F062FA09B0BDE8704003B0704700BFAB
:107E5400399400002DE9F04F43688DB015468046F3
:107E6400029383789A0740F10D8100240E78002E46
:107E740000F00A81252E0BD04B1C0393013441469C
:107E84003046029B98470028C0F2F6800399EDE73C
:107E94004E788B1C252E0393F0D00027B946BB46A1
:107EA400BBF11F0F38D8A6F12003102B0AD8DFE846
:107EB40003F02A0909300909092109090928092DAA
:107EC40009091F00A6F13003092B33D92A2E37D113
:107ED4001BF0400F55F8043B40F08280002BA7BFF5
:107EE4004BF0200B9946C3F100094BF0280B01E03D
:107EF4004BF0010B039B13F8016B0393002ECFD1BE
:107F040030E04BF0020B4BF0040BF3E74BF0080BA3
:107F1400F0E74BF0100BEDE7BBF17F0F19D8A6F19A
:107F24003003092BD2D81BF0400F03D00A2101FBE8
:107F34000737DFE70A214BF0200B01FB0939D9E7AA
:107F44002E2E06D11BF0400F40F09E804BF0400BCC
:107F5400D0E76C2E31D02BD8682E36D06A2E3CD088
:107F64004C2E3AD0002F46F02003B8BF2BF040022D
:107F7400A3F16501BCBF00271FFA82FB022901D9C6
:107F8400612B2FD107350727DFF8ACA225F00705B1
:107F940008351BF0080F66D00AEB070B56465E4502
:107FA40063D1A4EB0A0AA9EB070906EB0A026FE105
:107FB400742E9FD07A2E9DD0D4E71BF0800F18BF6B
:107FC4004BF4007B4BF0800B94E71BF4807F18BFCD
:107FD4004BF4007B4BF4807B8CE74BF4207B89E7EC
:107FE4001F4687E7A6F16301122900F2F080DFE85B
:107FF40011F013004F00EE00EE00EE00EE004F0013
:10800400EE00EE00EE00EE00EE00FE00E900EE00F1
:10801400EE001B00EE00AF0055F8043B01270DF104
:10802400180A8DF81830B4E755F804AB834BBAF14D
:10803400000F08BF9A461BF0400F504614BF394644
:108044004FF0FF3101F027F90746A2E7414620200F
:10805400029B984700280FDB013EB742F6D34C44FD
:10806400B146A41B98E74E46F7E7414616F8010BC4
:10807400029B9847002892DA98F8023043F00403F0
:1080840088F802304FF0FF3420460DB0BDE8F08F81
:108094001BF0800F34D01BF4007F2CD0073525F063
:1080A4000705AA4669685AF8080B2BF01005002941
:1080B400ADB237DA404245F4806561EB41010DF120
:1080C400180B0A235A4601F0F2F8A0EB0B030193B4
:1080D4006B0662D5019B25F001019F4289B240F3F2
:1080E400A180002E00F0998015F0100240F09C80D1
:1080F400BB460D4623E0AA465AF8040BC117D4E741
:10810400AA461BF4807F5AF8041B01D10846F5E700
:108114001BF4007F19BF48B241F3C01108B241F308
:10812400C031C2E750EA0103C9D11BF0400FC6D0E9
:10813400002FC4D12BF01102BB46019795B240F237
:10814400064115EA01021CBF0BF1010B00222CE0D1
:108154002BF010020A231FFA82FB1BF0800C49D07B
:108164001BF4007115BF0735AA4625F007055AF818
:10817400040B1EBFAA4669685AF8080B50EA0105A9
:1081840045D12BF016051BF0400FADB242D0002FA5
:1081940040D12BF01702019795B215F0100248D088
:1081A400019B002E42D103F1010B29075AD4EB079E
:1081B40006D5D9456FDDA9EB0B030199CB465F18B2
:1081C4005B4649E04BF0100B10237826C5E7782B6B
:1081D40004D1C6F1780343F01003BEE741462520DD
:1081E400029B98470028FFF647AF023447E608236E
:1081F4000026B2E7AA461BF480715AF8040BBDD0DE
:108204001BF400711ABFC0B2614680B2B6E72BF00E
:10821400060295B20DF1180B54E725F01105BB4683
:10822400ADB28CE70D46B8E73B460D4603F1020BB1
:10823400BBE7DDF804B082E749BB000042BB0000A5
:10824400CDE9043241462020029B98470028FFF6DE
:1082540013AF049B059A01339945F1DCA4EB0B01A0
:108264009B46CC180AB341463020029B984700280D
:10827400FFF602AF8EB901342744391B019B9942A2
:1082840024DC1D4655BB019AA9EB0B095546224433
:108294001446914433E0019F92E70234414630464C
:1082A400029B98470028E7DAE6E640F206410D42D1
:1082B400E2D015F0020F04F10104414614BF2B2053
:1082C400202015F4806F18BF2D20E9E741463020A7
:1082D400029B013498470028CFDACDE606AB013D76
:1082E4004146585D029B98470028CBDAC4E64146D4
:1082F4002020029B013498470028FFF6BDAEA9EB6D
:108304000403002BF3DCC1E52DE9F04F8046002087
:1083140089B08246029207900D4615F8014BACB124
:10832400202C17D0A4F10903042B13D9252C17D022
:1083340007A9404601F011F8031EC0F2CD80DBB25C
:10834400A3420BD007AA414601F011F8504609B0E8
:10835400BDE8F08F07A9404601F011F82946DBE794
:108364004C788D1C252CE3D02A2C20D1CD1C8C7864
:108374000126002706E00A2246F0020615F8014B02
:1083840002FB0737A4F13003DBB2092BF3D916F053
:10839400020F08BF4FF0FF376C2C33D009D8682C7C
:1083A40024D06A2C3CD04C2C35D034B9CEE70026EE
:1083B400DFE7742C31D07A2C2FD021469E4801F06F
:1083C40009F80028C2D016F00103039311BF4FF03F
:1083D4000009029B53F8049B02936E2C23D1079A45
:1083E40000234846009600F0DFFFB7E72C78682C9E
:1083F40003D046F020060135D7E746F030066C7806
:108404000235D2E72C786C2C02D046F00406F2E751
:1084140046F00C06F3E746F00C0615F8014BC4E7EA
:1084240046F00806F9E7632C18D116F0020F08BFCE
:10843400012707A9404600F090FF00284CDBB9F162
:10844400000F01D009F8010B013FF2D1039B002B6F
:1084540084D10AF1010A5FFA8AFA7FE75B2C54D1CE
:108464002B7800245E2B06BF01354FF0010B4FF033
:10847400000B07A9404600F070FF00222E4605F1CC
:10848400010E9446114616F8013BFBB1764508D01F
:108494005D2B12D02D2B04D132B90B460122194683
:1084A400F1E7002A08BF194688424FF00002F6DBC4
:1084B4009842D8BF4FF0010CF1E7002805DBE345F3
:1084C40011D107AA414600F052FFACB998F8023026
:1084D40013F00C0F3FF43AAFBAF1000F14BF50463B
:1084E4004FF0FF3033E7B9F1000F01D009F8010B69
:1084F400013F4FF00104BCD1B9F1000F01D1354661
:10850400A4E7002389F80030F9E707A9404600F002
:1085140036FF0028E0DB6F2C58D031D8642C57D0BC
:10852400693C18BF0124240107A9404600F015FF47
:108534002B2803D02D2809D146F04006013FC5D091
:1085440007A9404600F009FF0028BFDB30286ED1A0
:108554007B1E049306D007A9404600F0FEFE0028C7
:10856400049B37DA0027BB46730602D57F426BEBC8
:108574004B0B3A465B464846009600F015FF65E70C
:10858400732C0BD0752C0CBF0A241024CCE7B9F142
:10859400000F01D009F8010B013F0FD007A9404695
:1085A40000F0DBFE002809DB202803D0A0F109033A
:1085B400042BECD807AA414600F0D9FEB9F1000F0C
:1085C4003FF444AF002389F800303FE70824ABE7C9
:1085D4000A24A9E740F0200246F08006782A0ED14A
:1085E40034F010020ED1BB1E0493BBD007A9404641
:1085F40000F0B3FE0028049BB4DB102402E0002C3E
:1086040008BF08240027BB463928024682BF00F170
:10861400FF3242F02002263A303A94420ED807AA9A
:10862400414600F0A4FE32067FF550AF9CE73B467E
:10863400002CE7D10A24E5E751BB0000A4FB077135
:1086440046F08006D71904FB0B1141F1000B013BE6
:10865400CDE9043388D007A9404600F07EFE002807
:10866400049BD1DA80E700BFF0B589B005460C461B
:10867400164600211C2201A81F4600F0F4FD022327
:10868400204605958DF806300A4B02932CB1B4F1BF
:10869400004F28BF4FF00040013805443A463146A8
:1086A40001A80695FFF7D6FB14B1059B00221A70AA
:1086B40009B0F0BD4D9400007047FDF781BB38B59B
:1086C400002120EAE0744FF4004540F2E7304FF413
:1086D4007A720023C4FB0501F7F73AFDBDE8384080
:1086E400FEF738BB00F0AFBC836800EBC101B3F503
:1086F400004F2CBF51F8220031F81200704700EBF4
:10870400C1018068B0F5004F2CBF41F8223021F838
:1087140012307047012208B5FFF7E6FFD04008BDCC
:10872400836800EBC101B3F5004F08D34B681AB15D
:1087340043F001034B60704723F00103FAE74B88D1
:108744001AB143F001034B80704723F00103FAE7A9
:1087540053000122FFF7D3BF8368B3F5004F34BF42
:1087640004230823C91A081AC0087047B0F5004F3B
:1087740034BF042308230731C818C00870470A46C9
:1087840008B50121FFF7F2FF0132121AB2FA82F0A2
:10879400C0F11F0008BD2DE9F041174603220E4623
:1087A4000446FFF7A1FF8642054607F104080AD1F3
:1087B4000122E368BA4023EA0203E360002344F899
:1087C4002830BDE8F081314602222046FFF78CFFB5
:1087D40006462B4601460322204644F82850FFF75C
:1087E4008EFF334629462046BDE8F0410222FFF7BA
:1087F40086BF70B50D4686680446FFF78BFFB6F555
:10880400004F014601D3012809D03046FFF7B7FFD6
:10881400294602462046BDE87040FFF7BCBF70BD44
:108824002DE9F047054680688846FFF7A8FF05EB69
:10883400800ADAF810900646B9F1000F1BD003271E
:10884400DAF8104028462146FFF764FF404507D375
:10885400324621462846FFF79EFF2046BDE8F087B2
:10886400032221462846FFF73FFF013FCAF81000C4
:1088740001D08145E4D14FF0FF34EB680136B440B8
:108884001C40EAD094FAA4F2B2FA82F2131D55F80D
:108894002340DEE72DE9F04114460E460546FFF776
:1088A40039FFA4EB0608371B0744424631462846E5
:1088B400FFF74EFF3A4621462846FFF749FF434655
:1088C400002221462846FFF71AFF21462846FFF7D3
:1088D40021FF3B46211800222846BDE8F041FFF75E
:1088E4000EBF2DE9F041164604460F46FFF712FF6E
:1088F400314605462046FFF70DFF05442A46394612
:108904002046FFF725FF31462046FFF703FF2B469D
:10891400311800222046BDE8F041FFF7F0BE2DE9F2
:10892400F0410D4686680446FFF7F4FEB6F5004FA5
:10893400014601D3012832D03046FFF720FF04EB73
:1089440080010E6996B90122E36882401343E36013
:1089540002220D612B4629462046FFF7D0FE032252
:1089640029462046BDE8F041FFF7C9BE0222314640
:108974002046FFF7B9FE0746034629462046FFF77F
:10898400BEFE0322334629462046FFF7B8FE394689
:108994002B462046FFF7B3FE02223146E1E7BDE84D
:1089A400F081F8B50C460546FFF7B4FE26180122FF
:1089B40031462846FFF798FEC3070CD431462846B3
:1089C400FFF717FF21462846FFF7A4FE2146221889
:1089D4002846FFF786FF002221462846FFF784FE3B
:1089E400271A012239462846FFF77EFE10EA0206BE
:1089F40013D139462846FFF7FCFE21463246284665
:108A0400FFF772FE2246211A2846FFF76AFF214625
:108A140032462846FFF768FE241A21462846BDE858
:108A2400F840FFF77CBF70B5066809B9002070BD37
:108A3400B068B0EBD10FF9D9FFF798FE01460546AF
:108A44003046FFF7EDFE04460028EFD001463046DD
:108A5400FFF760FEA84209D92544214630462A463C
:108A6400FFF718FF29463046FFF759FF3046012229
:108A74002146FFF755FEB368B3F5004F34BF042316
:108A8400082303EBC4031844D1E71146FFF7CBBF17
:108A9400002070470FB407B504A951F8040B0191E5
:108AA400F8F734FD03B05DF804EB04B0704700231D
:108AB40083F31188BFF36F8F0423184602DF7047D6
:108AC4000FB407B504A951F8040B0191F8F71EFD82
:108AD40003B05DF804EB04B07047838B13F0070315
:108AE40005D10368002B0CBF002003207047022B24
:108AF40005D1C08BB0FA80F0400980007047012B8B
:108B040005D10368002B0CBF00200520704700200E
:108B1400704710B50C4600B111B96FF0150010BDC7
:108B2400081D00F02FF80028F9D1A368032BF6D90B
:108B3400F3E72DE9F0410D4607461946281D9046F6
:108B44001E46F8F7B5FF044638B133464246294677
:108B54003846A446BDE8F0416047BDE8F08138B529
:108B64000C46054658B151B10B6843B14B6833B15B
:108B74002022002100F077FB00202C6138BD6FF02B
:108B84001500FBE7034658B1426802F00302012ACC
:108B940003D0032A04D1026812B100209860704700
:108BA4006FF0150070477047FEE7012801D1EFF31D
:108BB4000583FCF7D3B901460068FFF7F6BF08B593
:108BC400F9F7A8F8BDE80840F9F7C8B80021012072
:108BD400FFF7EBBFD0F8943083F30B88704761B68E
:108BE40062B680F31188BFF36F8F704708B572B611
:108BF400002383F31188BFF36F8FF9F7DFFE50B1C1
:108C0400BFF34F8F30BF00BF00BF00BF00BF00BF26
:108C140000BF00BF00BF62B6BFF36F8F08BD10B5C1
:108C2400044672B6002383F31188BFF36F8FF9F7FC
:108C3400C5FE50B1BFF34F8F20BF00BF00BF00BFC0
:108C440000BF00BF00BF00BF00BF84F31188BFF3A3
:108C54006F8F62B610BD30B5D1E90045D0E900018F
:108C64000021201A30BD68B50D460646F9F7FEFB13
:108C74004FF47A710246A6FB0106002301FB05614D
:108C8400F7F766FA68BD40E800F313F4803FD8B202
:108C940008BF6FF01500704730B50C684B6885B09D
:108CA4000A894D890094013B24F01F04234402F0F7
:108CB4001F0242EA451223F01F0369468DF808207B
:108CC4000393F9F719FC05B030BD08B5F9F742FE76
:108CD400002008BD4FF05023012270B50C46054614
:108CE400C3F814260020F9F71BFF28462346BDE8E5
:108CF400704000211847F8B5069F0469C9B2EFF324
:108D04001186202585F31288BFF36F8F0C2505FB90
:108D14000144D4F8885005F0070CBCF1010F0DD1C3
:108D2400C4F8887086F31188BFF36F8FC4E92023D9
:108D3400436853F8313098470020F8BD05F0C0056A
:108D4400AF4286F31188BFF36F8F0CBF6FF07700CB
:108D54004FF0FF30F1E713B580240094FFF7CBFF09
:108D640002B010BD0069CBB200EB431000211047E4
:108D74000320FBF735BB0220FBF732BB0020FBF7D7
:108D84002FBB0320FBF7B4BB0220FBF7B1BB0020D1
:108D9400FBF7AEBB1046FCF7FBBE8022F9F7A6BF7B
:108DA400436800205B681B690B607047436802EAF4
:108DB40001005B6821EA020198600020D9607047D5
:108DC400436800205B6899607047436800205B68D3
:108DD400D960704743685A68536821EA03000B401E
:108DE40090600020D360704730B543681360057A03
:108DF400446804EBC504A34202D36FF0010030BD04
:108E04005C798C4201D00833F0E70020F7E743682F
:108E14001B68D3F88004C3F8800470474268136861
:108E2400D3F8100150B10020126A12780A70C3F806
:108E34001001D3F8102101221A6070474FF0FF305F
:108E4400704702680346D2F8580140B95B68DB07F3
:108E540006D4D2F82001003818BF01207047012041
:108E6400704743681B68D3F80423D20517D5D3F899
:108E74002021A2B1EFF31182202181F31288BFF3E4
:108E84006F8FD3F8201131B10021C3F82011D3F82A
:108E940020110121D96082F31188BFF36F8FD3F8B9
:108EA4005831704713B501AA0446FFF79DFF002807
:108EB40005DB019B226819791868FAF7DDFB02B01B
:108EC40010BD08B5FAF786FE08BDFEF711BE08B559
:108ED400F8F722FEF8F708FFBDE80840FEF708BEE1
:108EE400004700F0ACB838B504461546FBF778F9EE
:108EF40029462046BDE83840FBF78AB943090AD021
:108F0400012B0BD14FF6FF7300F01F0023FA00F082
:108F140000F0010070474FF0FF33F5E70020704781
:108F24002DE9F3411746DDE90858019001A80C46E4
:108F34001E46FBF75FFB019B391E18BF012100EBA6
:108F44008300231E18BF0123002E43EA410314BFEC
:108F54000C210021002D43EA010314BF4FF470617A
:108F64000021B8F1000F43EA010314BF4FF440316C
:108F74000021D0F800220B4322EA030304B1247831
:108F84000FB13F787F001C430EB13678B6003C43E6
:108F94008DB1297809023443B8F1000F03D098F851
:108FA40000804FEA0848214341EA0801C0F8001252
:108FB40002B0BDE8F0812946EDE71FB50DF10F03BE
:108FC400019300238DF80F101A4619460093FFF7FA
:108FD400A7FF05B05DF804FB08B50146FBF784FB69
:108FE40010B10846FBF79AFB00F0010008BD38B544
:108FF400054608460C46FBF791FBB0B10846FBF763
:1090040073FB90B90846FBF763FB01232A6883408E
:10901400C2F808332A6803B202EB8303D3F810259D
:1090240022F00302C3F8102538BD2046BDE83840BD
:109034000021FFF7C2BFFBF70DBCFFF7D8BF08B193
:10904400F9F75CBD704740B1C368587810F001006F
:109054001EBF1878B0FA80F040097047EFF311830F
:10906400202383F31288BFF36F8FFEE708B5FFF761
:10907400F5FF10B54369044633B90020E26853781C
:1090840043F00103537010BD98470028F5D0002821
:10909400B8BF4042FF28A8BFFF20E3681870EDE77F
:1090A40000F0E1B800F0D2B88169C36843EA010274
:1090B40012F003020FD102614269013A01FB02334B
:1090C400C2689A4201D90020704702691A60826915
:1090D40003619B1AF4E76FF01500704710B5C0E9FF
:1090E40005320023C160C36183600446FFF7DCFFDF
:1090F4000028A8BFC4E9004410BD90F90E308B428B
:1091040001D0FDF7D7BA0020704703460020C3E919
:109114000033C3E90200704710B5044630B1026859
:10912400930703D0446809B100F07FF8204610BDCE
:10913400012307B5009300230A461946FCF7DEFB1A
:1091440003B05DF804FBEFF30580003818BF01207D
:109154007047D0E9003213605A600023C0E900333D
:10916400704738B504460D46FCF7EAFF637B43F0CD
:1091740002036373E5B1A5602B689D4209D16B6856
:10918400C4E900531C606C6012E06A689A42F6D02D
:109194001B68002BF3D094F90E2093F90E108A4229
:1091A400F3D09142F1DD5A68C4E9003214605C6086
:1091B40038BD01211838FDF7A3B910B50446FDF7F1
:1091C40057F904F11800BDE81040FEF713BA38B59A
:1091D400054604680020AC4200D138BD002CFCD008
:1091E4002046FFF7EAFF2046FDF7FCF82C68012033
:1091F400A542F1E708B50246FEF7EAF870B1D0E9F6
:1092040004319B1A61EBE272B3F1004F72F1000179
:1092140004DA002AACBF1846002008BD6FF00040F5
:10922400FBE708B5FEF7E8FA08BD20B1011F50F8C6
:10923400040CFEF709BC704710B400F10C04C0E93B
:1092440003440024446110BCF8F7BAB80A44431E2E
:10925400914200D1704710B511F8014B914203F8C7
:10926400014FF9D110BD02440346934200D1704727
:1092740003F8011BF9E710B50139044632B111F8BE
:10928400013F013A00F8013B002BF7D10021FFF721
:10929400EAFF204610BD0246014410B58A42134637
:1092A40003D01C780132002CF8D1181A10BDF0B587
:1092B400C3F13707044603F01F031046FFB2082B1F
:1092C400E6B232D0102B3DD06508A40845EAC1753A
:1092D40044EA81748A082D1942EB5102290941EAB2
:1092E40002716D1842EB1212290A41EA02616D18EB
:1092F40042EB1222290C41EA02416D1842EB124260
:10930400AD1842F10002EC0844EA4274D10804EBBF
:109314008402A6EB4205EDB2092D0CD90134A5F166
:109324000A0541F10001EDB212E0E40806F0070578
:1093340044EA4174C908303554EA010200F8015B7B
:10934400BDD1F0BD240906F00F0544EA01740909F2
:10935400092D84BFED19EDB2EDE710B50C4600F010
:1093640046F80028A2BF23680133236010BD0028FB
:10937400A2BF136803F1FF33136000F06DB870B53A
:1093840005460E4631462846FFF7E7FF041E09DB73
:10939400202CF7D0A4F10903042BF3D93246294633
:1093A400FFF7E5FF204670BDBDF8001068B111F06D
:1093B400100F01D00270704711F0080F02D0C0E9FD
:1093C400002370474B0701D5026070478B06FBD51D
:1093D40002807047C9B20346184613F8012B12B134
:1093E4008A42F9D17047002918BF0020704710B590
:1093F40083780446DA0705D443F004034FF0FF30C2
:10940400A37010BD4FF00002D4E85F3FC4E8512FB1
:109414000029F9D19BB213B1581EC0B2F1E7A36879
:1094240098470028F9DA0130A37814BF08220422EF
:109434001343E3E702690346107810B101321A615D
:1094440070476FF001007047D1E9043293421EBFA8
:109454005A1C0A61187070478B78DA0702D44FF0EF
:10946400FF307047431CFAD0C0B2431CD1E8DF2F51
:10947400002A04D1C1E8DC3FBCF1000FF6D1EED1E3
:109484008B7823F008038B70704700000148006854
:0894940070470000DC19002004
:08949C00EC6CFF7F01000000F1
:1094A4000000000014950000595200000000000064
:1094B400FD79000000000000000000005495000049
:1094C4000000000034950000CF8E00000000000072
:1094D4000000000074950000E5300000000000006A
:1094E400253E00000000000081290000000000006B
:1094F400D38E000000000000B5350000000000001D
:1095040000000000949500002D2C000000000000D5
:1095140043AE0000909A000024990000C40000208B
:10952400501A0020992D00000000000000000000E7
:1095340017AF0000B09A000000990000C600002098
:10954400041B00206D350000000000000000000036
:1095540023AF0000C89A000000990000C800002052
:10956400101B00206D35000000000000000000000A
:109574003DAF0000E89A00007C990000CC00002078
:109584001C1B0020853A00000000000000000000C1
:1095940038AF0000E09A000000000000CA0000207C
:1095A400000000000139000000000000000000007D
:1095B40000000000D18B000000000000D18B0000EF
:1095C40000000000D18B000000000000D18B0000DF
:1095D40000000000D18B00002D450000E58E000046
:1095E40000000000D18B000000000000D18B0000BF
:1095F40074950000678E000000000000D18B00000D
:1096040000000000D18B000000000000D18B00009E
:1096140000000000D18B0000754D0000E58E0000B5
:1096240000000000D18B000000000000D18B00007E
:1096340000000000D18B000000000000D18B00006E
:1096440000000000D18B000000000000D18B00005E
:1096540000000000D18B0000000000001D3C000051
:1096640000000000D18B000000000000D18B00003E
:1096740000000000D18B000000000000D18B00002E
:1096840000000000D18B000000000000D18B00001E
:1096940000000000D18B000000000000D18B00000E
:1096A40000000000D18B000000000000D18B0000FE
:1096B40000000000D18B000000000000D18B0000EE
:1096C40000000000D18B000000000000D18B0000DE
:1096D40000000000D18B000000000000D18B0000CE
:1096E40000000000D18B000000000000D18B0000BE
:1096F40000000000D18B000000000000D18B0000AE
:1097040000000000D18B000000000000D18B00009D
:1097140000000000D18B000000000000D18B00008D
:1097240000000000D18B000000000000D18B00007D
:1097340000000000D18B000000000000D18B00006D
:1097440000000000D18B000000000000D18B00005D
:1097540000000000D18B000000000000D18B00004D
:1097640000000000D18B000000000000D18B00003D
:1097740000000000D18B000000000000D18B00002D
:1097840000000000D18B000000000000D18B00001D
:1097940000000000D18B000000000000D18B00000D
:1097A40000000000D18B000000000000D18B0000FD
:1097B40000000000D18B000000000000D18B0000ED
:1097C40000000000D18B000000000000D18B0000DD
:0897D40000000000D18B000031
:1097E00000020020F81D0020E803000039040000FA
:1097F0000000000000000000000000000600000063
:10980000000000008EA50000000000000000000025
:10981000B0020020E0210020E8030000410D00001C
:109820000000000000000000000000000500000033
:109830000000000098A500000000000000000000EB
:1098400010040020B0290020E8030000290A0000CD
:109850000000000000000000000000000500000003
:1098600000000000B0A500000000000000000000A3
:109870007005002080310020E8030000390C000052
:1098800000000000000000000000000005000000D3
:1098900000000000C5A5000000000000000000005E
:1098A00060030020C8250020E8030000E107000055
:1098B00000000000000000000000000005000000A3
:1098C00000000000A7A5000000000000000000004C
:1098D000C0040020982D0020E8030000310B000098
:1098E0000000000000000000000000000500000073
:1098F00000000000BAA50000000000000000000009
:1099000059330000A58D0000B18D0000C58D000009
:10991000CF8D0000D98D00003132000035310000BC
:049920000000000043
:10992400FD2D00009F8D00005B8D000000000000F5
:0C993400B52C0000000000000000000046
:109940000000000000000000000000000000000017
:109950000000000000000000000000000000000007
:1099600000000000000000008D3800000D380000ED
:0C997000000000000000000000000000EB
:0C997C00218E0000D1390000138E000085
:10998800040000000F0000000100000008000000B3
:109998002000000060000000700000000D000000C2
:1099A8000C0000000E0000005000000074000000D1
:1099B800A8000000FFFFFFFFFFFFFFFFFFFFFFFF03
:0499C800FFFFFFFF9F
:1099D0000338FDD8704700005495000005001100C1
:1099E0005495000006001100549500000400110079
:1099F000549500000300110054950000020011006E
:109A0000549500001E000000549500001D00000049
:109A1000549500001C00000000000000AD8B000009
:109A20001C000020140000200C000020000000009A
:109A300004000020591C0000291B00007D1B0000B1
:109A4000F11B0000000000200000000006000100E3
:109A500002000000589A00000000000039AD00002C
:109A600006000000E0FF0F000000002041AD0000F4
:109A700021000000E0FF0620AD2B0000D98C000083
:109A800000000000792C0000712D00000000000093
:109A90002D2F0000312E0000818D0000938D0000DD
:109AA0007B8D00008D8D0000758D0000878D00007E
:109AB000FFFF0000002884500000000001000000AB
:109AC00000D0005000000000FFFFFFFF0025845081
:109AD000000000000000000000D000500000000066
:109AE00054950000170000000080005001000000A5
:109AF000000000000C9B00000000D60100000000E8
:109B000000000000F51D0020F41D00200080005022
:109B1000189B000001000000209B000004000000D2
:109B2000250000002700000224060001260600038D
:109B30000800000003000000A4940000A4940000AA
:109B4000E4940000EC9400001495000014950000CB
:109B5000FF8FFFFFFF8FFFFFFE8FFFFFFE8FFFFFD7
:109B6000FD8FFFFFFC8FFFFFFC8FFFFFFB8FFFFFD1
:109B70006D757465785F667265652063616C6C6590
:109B8000642077697468204E554C4C207061726176
:109B90006D6574657200000043616E277420696E04
:109BA000697469616C697A65206D757465782C20BB
:109BB000776173204E554C4C0D0A0000436F756C55
:109BC00064206E6F74206C6F636B20706F776572AA
:109BD0002073617665206D7574657800040100015D
:109BE000240120010200010000020001257300573A
:109BF0004553545F544F504449522F7A65706879E9
:109C0000722F696E636C7564652F7A6570687972FE
:109C10002F647269766572732F6770696F2E6800A2
:109C200028666C616773202620282831203C3C2060
:109C30003429207C202831203C3C2035292929202A
:109C4000213D20282831203C3C203429207C20281C
:109C500031203C3C20352929004153534552544979
:109C60004F4E204641494C205B25735D2040202506
:109C7000733A25640A000950756C6C205570206198
:109C80006E642050756C6C20446F776E2073686F23
:109C9000756C64206E6F7420626520656E61626C05
:109CA00065642073696D756C74616E656F75736C36
:109CB000790A00212828666C6167732026202831E4
:109CC00055203C3C20313629292026262021286693
:109CD0006C616773202620283155203C3C203137A9
:109CE00029292026262028666C61677320262028D3
:109CF00031203C3C20312929290009496E707574B6
:109D00002063616E6E6F7420626520656E61626CA7
:109D1000656420666F7220274F70656E2044726103
:109D2000696E272C20274F70656E20536F75726304
:109D30006527206D6F64657320776974686F75742B
:109D4000204F75747075740A0028666C6167732003
:109D500026202831203C3C2031292920213D20305B
:109D6000207C7C2028666C616773202620283120A7
:109D70003C3C20322929203D3D20300028666C6182
:109D8000677320262028283155203C3C2031382973
:109D9000207C20283155203C3C203139292929209C
:109DA0003D3D2030207C7C2028666C616773202636
:109DB00020283155203C3C203137292920213D20C5
:109DC0003000094F7574707574206E65656473207A
:109DD000746F20626520656E61626C656420746FCB
:109DE00020626520696E697469616C697A656420B6
:109DF0006C6F77206F7220686967680A0028636655
:109E0000672D3E706F72745F70696E5F6D61736B0A
:109E1000202620286770696F5F706F72745F7069A9
:109E20006E735F74292831554C203C3C20287069A2
:109E30006E29292920213D2030550009556E737562
:109E400070706F727465642070696E0A0064656278
:109E500075672D766965737469207075757474758E
:109E60007500434D414B455F534F555243455F4449
:109E700049522F7372632F6D61696E2E63000964FE
:109E8000656275675F6C6F673A206F7574206F66E7
:109E9000206D656D6F72790A00427574746F6E2063
:109EA00035202D20466C617368696E672079656C7A
:109EB0006C6F7720287061696E616C6C756B73656F
:109EC00074207968743A202564290A005541525457
:109ED000206D73673A2025730A0062756620213D64
:109EE000202828766F6964202A29302900095541E5
:109EF0005254204649464F206D616C6C6F6320665A
:109F000061696C65640A0055415254206D65737334
:109F100061676520746F6F206C6F6E670A0009556A
:109F2000415254206D65737361676520746F6F20B3
:109F30006C6F6E672C20627566666572206F766541
:109F400072666C6F772061766F696465640A00429F
:109F50007574746F6E2031202D20506C61792F50F4
:109F60006175736520287061696E616C6C756B73C7
:109F70006574207968743A202564290A0054726156
:109F800066666963206C69676874732070617573B5
:109F900065640A0054726166666963206C6967686B
:109FA000747320726573756D65640A00427574740C
:109FB0006F6E2032202D2052656420287061696EFA
:109FC000616C6C756B736574207968743A202564D4
:109FD000290A00427574746F6E2033202D20596554
:109FE0006C6C6F7720287061696E616C6C756B7337
:109FF0006574207968743A202564290A00427574D2
:10A00000746F6E2034202D20477265656E20287095
:10A0100061696E616C6C756B736574207968743AF4
:10A02000202564290A00636D6420213D20282876BC
:10A030006F6964202A2930290009477265656E20FE
:10A040007461736B20776F6B652075702066726F1B
:10A050006D20636F6E64766172206275742046496C
:10A06000464F2077617320656D7074790A004752FE
:10A0700045454E204F4E20282575206D73290A0036
:10A08000475245454E204F46460A00477265656E69
:10A09000207461736B206475726174696F6E3A200D
:10A0A000256C6C752075730A000959656C6C6F77A7
:10A0B000207461736B20776F6B65207570206672FA
:10A0C0006F6D20636F6E64766172206275742046D6
:10A0D00049464F2077617320656D7074790A005985
:10A0E000454C4C4F57204F4E20282575206D732925
:10A0F0000A0059454C4C4F57204F46460A005965B7
:10A100006C6C6F77207461736B2064757261746915
:10A110006F6E3A20256C6C752075730A00095265C4
:10A1200064207461736B20776F6B65207570206697
:10A13000726F6D20636F6E64766172206275742039
:10A140004649464F2077617320656D7074790A0027
:10A15000524544204F4E20282575206D73290A0052
:10A16000524544204F46460A00526564207461738C
:10A170006B206475726174696F6E3A20256C6C7522
:10A180002075730A00454E41424C454400444953F2
:10A1900041424C4544004469737061746368657260
:10A1A0002072656365697665643A2025730A004408
:10A1B00065627567206F75747075742025730A0069
:10A1C000446973706174636865723A207265706582
:10A1D00061742073657175656E63650A00094F755A
:10A1E00074206F66206D656D6F7279207768696C79
:10A1F0006520726570656174696E6720736571753D
:10A20000656E63650A0053657175656E63652074DC
:10A210006F74616C2074696D653A20256C6C7520D3
:10A2200075730A0025632C257500496E76616C698B
:10A230006420636F6D6D616E643A2025730A0009B6
:10A24000496E76616C696420636F6D6D616E642028
:10A25000726563656976656420766961205541524F
:10A26000543A2025730A0044697370617463686509
:10A27000723A20636F6C6F723D2563206475726162
:10A2800074696F6E3D2575206D730A005365717595
:10A29000656E6365206275666665722066756C6CB6
:10A2A0000A0073657175656E63655F6C656E6774D2
:10A2B00068203C3D20323536000953657175656E66
:10A2C000636520627566666572206F766572666C7E
:10A2D0006F770A00094F7574206F66206D656D6F8A
:10A2E0007279207768696C6520616C6C6F6361744A
:10A2F000696E67206C6967687420636F6D6D616E4D
:10A30000640A00554152542D3E6469737061746350
:10A3100068206C6174656E63793A20256C6C7520D9
:10A3200075730A005541525420646576696365204F
:10A330006973206E6F742072656164790A005541FB
:10A34000525420696E697469616C697A65640A00A7
:10A350004572726F723A20627574746F6E2030208D
:10A360006973206E6F742072656164790A004572AA
:10A37000726F723A20627574746F6E203020636F52
:10A380006E666967757265206661696C65640A004E
:10A390004572726F723A20627574746F6E2031204C
:10A3A0006973206E6F742072656164790A0045726A
:10A3B000726F723A20627574746F6E203220697306
:10A3C000206E6F742072656164790A004572726F45
:10A3D000723A20627574746F6E2033206973206E38
:10A3E0006F742072656164790A004572726F723A07
:10A3F00020627574746F6E2034206973206E6F74E0
:10A400002072656164790A00416C6C206275747415
:10A410006F6E7320696E697469616C697A65640A2C
:10A420000052474232204C4544206973206E6F74BD
:10A430002072656164790A00526564204C454420AD
:10A44000636F6E66696775726174696F6E206661AD
:10A45000696C65640A00477265656E204C4544204E
:10A46000636F6E66696775726174696F6E2066618D
:10A47000696C65640A00426C7565204C4544206334
:10A480006F6E66696775726174696F6E2066616967
:10A490006C65640A005541525420696E69746961A3
:10A4A0006C697A6174696F6E206661696C65640AB3
:10A4B00000427574746F6E20696E697469616C69AD
:10A4C0007A6174696F6E206661696C65640A003D2B
:10A4D0003D3D3D3D3D3D3D3D3D3D3D3D3D3D3D3DAC
:10A4E0003D3D3D3D3D3D3D3D3D3D3D3D3D0A0052F7
:10A4F0004742322074726166666963206C696768DE
:10A500007420737461727465640A003D3D3D3D3D85
:10A510003D3D3D3D3D3D3D3D3D3D3D3D3D3D3D7335
:10A520003D3D3D3D3D3D3D3D3D3D0A0053656E6435
:10A5300020636F6D6D616E6473207468726F7567F0
:10A540006820554152543A0A00522C313030300ABA
:10A5500000592C3530300A00472C313030300A0099
:10A56000540A0044202020202020202020202020C9
:10A5700028746F67676C6520646562756720707208
:10A58000696E7473206F6E2F6F6666290A006465AA
:10A590006275675F7469640064697370617463688D
:10A5A00065725F74696400756172745F74696400D8
:10A5B000677265656E5F7469640079656C6C6F774E
:10A5C0005F746964007265645F7469640057455321
:10A5D000545F544F504449522F7A65706879722FF6
:10A5E0006C69622F686561702F686561702E630009
:10A5F0006368756E6B5F7573656428682C206329CA
:10A600000009756E657870656374656420686561BE
:10A61000702073746174652028646F75626C652D99
:10A62000667265653F2920666F72206D656D6F7279
:10A63000792061742025700A006C6566745F636818
:10A64000756E6B28682C2072696768745F63687523
:10A650006E6B28682C20632929203D3D206300096A
:10A66000636F7272757074656420686561702062D2
:10A670006F756E64732028627566666572206F76EA
:10A680006572666C6F773F2920666F72206D656D0D
:10A690006F72792061742025700A00627974657385
:10A6A000203E20686561705F666F6F7465725F62DF
:10A6B0007974657328627974657329000968656126
:10A6C000702073697A6520697320746F6F20736DD1
:10A6D000616C6C0A00686561705F737A203E20636C
:10A6E00068756E6B737A2873697A656F6628737400
:10A6F00072756374207A5F686561702929006368E8
:10A70000756E6B305F73697A65202B206D696E5FA3
:10A710006368756E6B5F73697A65286829203C3DB4
:10A7200020686561705F737A00574553545F544FDA
:10A73000504449522F7A65706879722F6C69622F84
:10A740007574696C732F6F6E6F66662E6300737419
:10A75000617465203D3D20305500217379735F732E
:10A760006C6973745F69735F656D70747928266DA9
:10A7700067722D3E636C69656E7473290074726133
:10A780006E73697420213D202828766F6964202A21
:10A79000293029007374617465203D3D20283155AE
:10A7A0004C203C3C2028312929006D67722D3E72D7
:10A7B000656673203D3D2030007374617465203DF3
:10A7C0003D202831554C203C3C2028302929005779
:10A7D0004553545F544F504449522F7A65706879FD
:10A7E000722F696E636C7564652F7A657068797213
:10A7F0002F7370696E6C6F636B2E68007A5F737075
:10A80000696E5F756E6C6F636B5F76616C696428EF
:10A810006C2900094E6F74206D79207370696E6C1D
:10A820006F636B2025700A007A5F7370696E5F6CCE
:10A830006F636B5F76616C6964286C290009496EEF
:10A8400076616C6964207370696E6C6F636B202530
:10A85000700A00574553545F544F504449522F7A61
:10A8600065706879722F6C69622F7574696C732FCB
:10A870006E6F746966792E63002A2A2A20426F6FF0
:10A8800074696E67206E524620436F6E6E65637406
:10A890002053444B2076332E312E312D65326139D1
:10A8A0003766653235373861202A2A2A0A002A2A73
:10A8B0002A205573696E67205A6570687972204F37
:10A8C000532076342E312E39392D66663866306342
:10A8D000353739656562202A2A2A0A006D75746544
:10A8E000785F696E69742063616C6C656420776958
:10A8F0007468204E554C4C20706172616D657465B2
:10A900007200436F756C64206E6F7420616C6C6FA5
:10A9100063617465206D75746578206265666F7219
:10A920006520696E697469616C697A696E67005740
:10A930004553545F544F504449522F7A657068799B
:10A94000722F617263682F61726D2F636F72652F52
:10A95000636F727465785F6D2F6661756C742E63BA
:10A9600000212828285343425F54797065202A2902
:10A9700020282830784530303045303030554C294B
:10A98000202B20307830443030554C2920292D3E62
:10A99000434653522026202831554C203C3C202849
:10A9A0003055202B2034552929290009537461631F
:10A9B0006B696E67206F722044617461204163632C
:10A9C0006573732056696F6C6174696F6E20657270
:10A9D000726F7220776974686F7574207374616325
:10A9E0006B2067756172642C20757365722D6D6FB5
:10A9F0006465206F72206E756C6C2D706F696E745B
:10AA0000657220646574656374696F6E0A0A006517
:10AA1000736620213D202828766F6964202A29301A
:10AA200029000945534620636F756C64206E6F746E
:10AA3000206265207265747269657665642073753D
:10AA4000636365737366756C6C792E205368616CF3
:10AA50006C206E65766572206F636375722E0A00D6
:10AA6000094661756C7420657363616C6174696F0C
:10AA70006E20776974686F75742046535220696E32
:10AA8000666F0A0009486172644661756C742077CC
:10AA90006974686F7574204846535220696E666FFA
:10AAA000205368616C6C206E65766572206F6363FD
:10AAB00075720A00574553545F544F504449522F02
:10AAC0007A65706879722F617263682F61726D2F79
:10AAD000636F72652F636F727465785F6D2F697233
:10AAE000715F6D616E6167652E63007072696F20C2
:10AAF0003C3D20282831554C203C3C202833292936
:10AB0000202D2031290009696E76616C69642070FE
:10AB100072696F7269747920256420666F722025CE
:10AB20006420697271212076616C756573206D7582
:10AB30007374206265206C657373207468616E2085
:10AB4000256C750A0A00574553545F544F504449C9
:10AB5000522F7A65706879722F617263682F617203
:10AB60006D2F696E636C7564652F636F72746578A1
:10AB70005F6D2F6477742E68002828284457545F2F
:10AB800054797065202A29202830784530303031BA
:10AB9000303030554C2920292D3E4354524C20262C
:10ABA0002028307831554C203C3C2032355529291D
:10ABB000203D3D2030000944575420696D706C657C
:10ABC0006D656E7473206E6F206379636C652063AE
:10ABD0006F756E7465722E2043616E6E6F742062A5
:10ABE00065207573656420666F72206379636C6598
:10ABF00020636F756E74696E670A0A005745535477
:10AC00005F544F504449522F7A65706879722F61B2
:10AC10007263682F61726D2F636F72652F6D70752F
:10AC20002F61726D5F6D70752E630009436F6E66E4
:10AC300069677572696E6720257520737461746920
:10AC400063204D505520726567696F6E7320666191
:10AC5000696C65640A0A00094D61726B696E672050
:10AC6000257520617265617320666F722064796E4C
:10AC7000616D696320726567696F6E7320666169D3
:10AC80006C65640A0A0009526571756573742074F5
:10AC90006F20636F6E6669677572653A202575204F
:10ACA000726567696F6E732028737570706F727448
:10ACB00065643A202575290A0A00212872656769AA
:10ACC0006F6E5B6964785D2E64745F61747472206A
:10ACD00026202831554C203C3C20283029292900A9
:10ACE0000952414D5F4E4F434143484520776974B7
:10ACF000682044545F4D454D5F43414348454142C0
:10AD00004C45206174747269627574650A0A0009A1
:10AD10004661696C656420746F20616C6C6F63615F
:10AD20007465204D505520726567696F6E7320669B
:10AD3000726F6D2044540A0A00464C4153485F30FC
:10AD4000005352414D5F3000574553545F544F50AC
:10AD50004449522F7A65706879722F736F632F6E32
:10AD60006F726469632F6E726635332F736F632E53
:10AD70006300657272203D3D203000574553545F9B
:10AD8000544F504449522F6D6F64756C65732F6832
:10AD9000616C2F6E6F726469632F6E7266782F68B4
:10ADA000616C2F6E72665F6770696F2E68006E72DD
:10ADB000665F6770696F5F70696E5F7072657365FB
:10ADC0006E745F636865636B282A705F70696E29B3
:10ADD000000000000129282B2A574553545F544F87
:10ADE000504449522F7A65706879722F647269767F
:10ADF0006572732F636C6F636B5F636F6E74726FDA
:10AE00006C2F636C6F636B5F636F6E74726F6C5FDC
:10AE10006E72662E630074797065203C20434C4F3F
:10AE2000434B5F434F4E54524F4C5F4E52465F541C
:10AE30005950455F434F554E5400657272203E3D58
:10AE4000203000636C6F636B403530303000574505
:10AE500053545F544F504449522F7A657068797249
:10AE60002F696E636C7564652F7A65706879722FCF
:10AE7000647269766572732F6770696F2F67706986
:10AE80006F5F7574696C732E680063616C6C6261CE
:10AE9000636B00094E6F2063616C6C6261636B21B0
:10AEA0000A0063616C6C6261636B2D3E68616E6465
:10AEB0006C657200094E6F2063616C6C6261636B3C
:10AEC0002068616E646C6572210A00574553545FB7
:10AED000544F504449522F7A65706879722F6472CA
:10AEE00069766572732F6770696F2F6770696F5F1E
:10AEF0006E7266782E6300657272203D3D204E5260
:10AF000046585F535543434553530063622D3E6893
:10AF1000616E646C6572006770696F4038343238F6
:10AF20003030006770696F4038343235303000009F
:10AF3000010203040506070B706D696300756172F9
:10AF40007440383030300000000001010100000181
:10AF5000000000574553545F544F504449522F6DE1
:10AF60006F64756C65732F68616C2F6E6F726469A6
:10AF7000632F6E7266782F68616C2F6E72665F64E5
:10AF80007070692E68006368616E6E656C203C208D
:10AF90006E72665F647070695F6368616E6E656C27
:10AFA0005F6E756D6265725F67657428705F72654C
:10AFB000672900574553545F544F504449522F6DF1
:10AFC0006F64756C65732F68616C2F6E6F72646946
:10AFD000632F6E7266782F68656C706572732F6E62
:10AFE0007266785F677070695F647070692E630065
:10AFF0006565700074657000574553545F544F5039
:10B000004449522F6D6F64756C65732F68616C2FA6
:10B010006E6F726469632F6E7266782F64726976E0
:10B020006572732F7372632F6E7266785F636C6FD5
:10B03000636B2E63006D5F636C6F636B5F63622E87
:10B040006D6F64756C655F696E697469616C697A4E
:10B050006564000C04241C574553545F544F5044FE
:10B0600049522F6D6F64756C65732F68616C2F6E1C
:10B070006F726469632F6E7266782F68616C2F6ED1
:10B0800072665F6770696F74652E6800696E6465CB
:10B0900078203C203800574553545F544F50444962
:10B0A000522F6D6F64756C65732F68616C2F6E6FB6
:10B0B000726469632F6E7266782F64726976657246
:10B0C000732F7372632F6E7266785F6770696F7427
:10B0D000652E63006E7266795F6770696F5F706975
:10B0E0006E5F70726573656E745F636865636B280D
:10B0F00070696E290070696E5F69735F696E707543
:10B100007428705F696E7374616E63652C2070695A
:10B110006E290070696E5F6861735F74726967673A
:10B12000657228705F696E7374616E63652C207040
:10B13000696E2900705F6368616E6E656C00705F98
:10B14000696E7374616E63652D3E705F7265672012
:10B150003D3D2028284E52465F4750494F54455F99
:10B16000547970652A2920307835303030443030B9
:10B1700030554C2900696E745F656E61626C6500C4
:10B1800000203030303030303030303030303030FF
:10B190000001574553545F544F504449522F7A652C
:10B1A000706879722F6B65726E656C2F6465766955
:10B1B00063652E6300646576203C3D205F646576A0
:10B1C0006963655F6C6973745F656E640009756EB1
:10B1D0006578706563746564206C69737420656E4E
:10B1E00064206C6F636174696F6E0A005745535435
:10B1F0005F544F504449522F7A65706879722F6BB3
:10B2000065726E656C2F666174616C2E6300726589
:10B2100061736F6E20213D204B5F4552525F4B455D
:10B22000524E454C5F50414E49430009417474658C
:10B230006D7074656420746F207265636F766572DB
:10B240002066726F6D2061206B65726E656C207078
:10B25000616E696320636F6E646974696F6E0A0062
:10B26000574553545F544F504449522F7A65706884
:10B2700079722F6B65726E656C2F696E69742E63BF
:10B28000007468726561645F64617461203C3D2094
:10B290005F5F7374617469635F7468726561645F32
:10B2A000646174615F6C6973745F656E6400696486
:10B2B0006C65006D61696E00574553545F544F5083
:10B2C0004449522F7A65706879722F6B65726E658A
:10B2D0006C2F6D656D5F736C61622E6300736C61C2
:10B2E00062203C3D205F6B5F6D656D5F736C6162DA
:10B2F0005F6C6973745F656E640028736C61622DA6
:10B300003E667265655F6C697374203D3D20282838
:10B31000766F6964202A29302920262620736C61E3
:10B32000622D3E696E666F2E6E756D5F7573656416
:10B33000203D3D20736C61622D3E696E666F2E6EFE
:10B34000756D5F626C6F636B7329207C7C20736CFE
:10B3500061625F7074725F69735F676F6F64287397
:10B360006C61622C20736C61622D3E667265655F54
:10B370006C697374290009736C616220636F727267
:10B38000757074696F6E2064657465637465640AB2
:10B390000009496E76616C6964206D656D6F727924
:10B3A00020706F696E7465722070726F7669646563
:10B3B000640A00574553545F544F504449522F7A02
:10B3C00065706879722F6B65726E656C2F696E633C
:10B3D0006C7564652F6B73636865642E680021610A
:10B3E0007263685F6972715F756E6C6F636B6564C1
:10B3F000286B65792900090A007468726561642DFB
:10B400003E626173652E70656E6465645F6F6E0089
:10B41000574553545F544F504449522F7A657068D2
:10B4200079722F6B65726E656C2F69646C652E6323
:10B43000005F6B65726E656C2E637075735B305D5B
:10B440002E63757272656E742D3E626173652E7027
:10B4500072696F203E3D203000574553545F544F72
:10B46000504449522F7A65706879722F6B65726EFD
:10B47000656C2F6D757465782E6300216172636849
:10B480005F69735F696E5F697372282900096D7562
:10B4900074657865732063616E6E6F7420626520D9
:10B4A0007573656420696E736964652049535273CE
:10B4B0000A006D757465782D3E6C6F636B5F636F0A
:10B4C000756E74203E20305500574553545F544FDD
:10B4D000504449522F7A65706879722F6B65726E8D
:10B4E000656C2F73656D2E63002828617263685F39
:10B4F00069735F696E5F6973722829203D3D203052
:10B5000029207C7C20282874696D656F7574292E2C
:10B510007469636B73203D3D202828286B5F746934
:10B520006D656F75745F7429207B307D29292E74B9
:10B5300069636B73292900574553545F544F504436
:10B5400049522F7A65706879722F6B65726E656CDF
:10B550002F7468726561642E630028282828707231
:10B56000696F2929203D3D203135202626207A5F2C
:10B5700069735F69646C655F7468726561645F6557
:10B580006E7472792828656E747279292929207C55
:10B590007C202828283135202D203129203E3D20AF
:10B5A00028282D313629292920262620282870727E
:10B5B000696F2929203E3D2028282D313629292050
:10B5C00026262028287072696F2929203C3D2028D2
:10B5D0003135202D20312929290009696E76616CC9
:10B5E0006964207072696F726974792028256429F2
:10B5F0003B20616C6C6F7765642072616E67653AA1
:10B6000020256420746F2025640A00574553545F39
:10B61000544F504449522F7A65706879722F6B6588
:10B62000726E656C2F73636865642E6300217A5FA8
:10B6300069735F69646C655F7468726561645F6F8C
:10B64000626A65637428746872656164290057458D
:10B6500053545F544F504449522F7A657068797241
:10B660002F6B65726E656C2F696E636C7564652FE8
:10B670006B7468726561642E68005F6B65726E65DD
:10B680006C2E637075735B305D2E63757272656EC0
:10B690007420213D202828766F6964202A293029CA
:10B6A0000073697A656F66285F73636865645F73AA
:10B6B00070696E6C6F636B29203D3D2030207C7C6F
:10B6C000206C6F636B20213D20265F736368656487
:10B6D0005F7370696E6C6F636B005F6B65726E6534
:10B6E0006C2E637075735B305D2E63757272656E60
:10B6F000742D3E626173652E73636865645F6C6F61
:10B70000636B656420213D203155005F6B65726E6F
:10B71000656C2E637075735B305D2E637572726538
:10B720006E742D3E626173652E73636865645F6C31
:10B730006F636B656420213D203055002174657274
:10B740006D696E617465000961626F727465642071
:10B750005F63757272656E74206261636B206672DE
:10B760006F6D20646561640A0021657373656E7492
:10B7700069616C000961626F72746564206573733E
:10B78000656E7469616C20746872656164202570EF
:10B790000A00574553545F544F504449522F7A651D
:10B7A000706879722F6B65726E656C2F74696D6548
:10B7B000736C6963696E672E6300282874696D6510
:10B7C0006F75742920262620282875696E74707478
:10B7D000725F74292028736C6963655F74696D6595
:10B7E0006F7574732929203C3D20282875696E7473
:10B7F0007074725F7429202874696D656F7574297F
:10B800002920262620282875696E747074725F744A
:10B8100029202874696D656F75742929203C2028BA
:10B820002875696E747074725F74292028262873D5
:10B830006C6963655F74696D656F757473295B28E6
:10B840002873697A655F742920282828696E74290D
:10B850002073697A656F6628636861725B31202D99
:10B860002032202A202128215F5F6275696C74696B
:10B870006E5F74797065735F636F6D706174696218
:10B880006C655F70285F5F747970656F665F5F28B5
:10B89000736C6963655F74696D656F757473292C6A
:10B8A000205F5F747970656F665F5F282628736C10
:10B8B0006963655F74696D656F757473295B305D6D
:10B8C0002929295D29202D203129202B2028736941
:10B8D0007A656F6628736C6963655F74696D656FFF
:10B8E00075747329202F2073697A656F6628287311
:10B8F0006C6963655F74696D656F757473295B301E
:10B900005D292929295D292920262620282828750E
:10B91000696E747074725F7429202874696D656F24
:10B9200075742929202D20282875696E7470747209
:10B930005F74292028736C6963655F74696D656F36
:10B9400075747329292920252073697A656F662803
:10B9500028736C6963655F74696D656F75747329AD
:10B960005B305D29203D3D20302900574553545F11
:10B97000544F504449522F7A65706879722F6B6525
:10B98000726E656C2F7468726561645F6D6F6E694D
:10B99000746F722E6300757365725F636220213D60
:10B9A000202828766F6964202A29302900097573B8
:10B9B00065725F63622063616E206E6F74206265E2
:10B9C000204E554C4C0A00574553545F544F504439
:10B9D00049522F7A65706879722F6B65726E656C4B
:10B9E0002F74696D656F75742E6300217379735FB1
:10B9F000646E6F64655F69735F6C696E6B65642804
:10BA000026746F2D3E6E6F64652900574553545F51
:10BA1000544F504449522F7A65706879722F6B6584
:10BA2000726E656C2F6D656D706F6F6C2E63002884
:10BA3000616C69676E20262028616C69676E202D15
:10BA400020312929203D3D20300009616C69676E55
:10BA5000206D757374206265206120706F77657248
:10BA6000206F6620320A00616C69676E203D3D20C0
:10BA700030207C7C20282875696E747074725F7425
:10BA8000296D656D20262028616C69676E202D2048
:10BA9000312929203D3D203000096D6973616C69B1
:10BAA000676E6564206D656D6F7279206174202505
:10BAB000702028616C69676E203D20257A75290AFF
:10BAC00000574553545F544F504449522F7A657084
:10BAD0006879722F6B65726E656C2F6B686561702B
:10BAE0002E630021617263685F69735F696E5F69CD
:10BAF00073722829207C7C20282874696D656F75F5
:10BB000074292E7469636B73203D3D202828286BAF
:10BB10005F74696D656F75745F7429207B307D2952
:10BB2000292E7469636B73290068656170203C3D40
:10BB3000205F6B5F686561705F6C6973745F656ED1
:10BB40006400286E756C6C29002A666C6F61742A1B
:10BB5000006364696E6F70737578585B0000000055
:10BB6000958A0000100100203A00000038010020F2
:10BB70003A000000E80000203A0000004C010020DC
:10BB80003A00000000000000CF8C00000000000020
:10BB9000000000000090D003007001500000000081
:10BBA000FFFFFFFF3F000000FFFFFFFF3F0000001F
:10BBB000FF00000090020000580000205800002004
:10BBC000000000002D7B0000A40000209C0000204D
:10BBD00094000020000000008C000020597C000030
:10BBE000A57B0000D97B0000217C0000181C0020F0
:10BBF0003A00003A1C1C00203A00003A201C0020A9
:10BC00003A00003A241C00203A00003AB400002018
:10BC100078000020700000206C00002068000020E8
:01BC20000122
:0FBC210000000000000000000000000000000014
:10BC300000000000A84200200008000000000000F2
:08BC40000000000000000000FC
:10BC4800E8000020E80000200000000000000000DC
:10BC58000E000000FC000020FC0000200000000096
:10BC6800000000000E00000010010020100100205C
:10BC780000000000000000000E0000002401002069
:10BC88002401002000000000000000000E00000059
:10BC980038010020380100200000000000000000EA
:10BCA8000E0000004C0100204C01002000000000A4
:10BCB800000000000E00000060010020600100206C
:0CBCC80000000000000000000E00000062
:10BCD4007401002074010020000000000100000035
:10BCE400000000000000000000000000900100209F
:10BCF400900100200000000000000000000000008F
:10BD0400A4010020A40100200000000000000000A5
:10BD140000000000B8010020B8010020000000006D
:10BD24000000000000000000CC010020CC01002035
:10BD3400000000000000000000000000E0010020FE
:04BD4400E0010020FA
:10BD4800E8010020E8010020F0010020F0010020B7
:08BD5800F8010020F8010020B1
:04BD600015E015E0F5
:04000003000020C514
:00000001FF
